claim_id,exact_proposition,claim_type,source_path,source_section,source_date,read_date,scope,user_decision_status,evidence_status,render_decision,runtime_status,boundary_or_next_action
C01,404 · PAGE NOT FOUND,APPROVED_COPY,docs/superpowers/specs/2026-09-08-404-thank-you-pages-design-v0.1.md,4.1;10.2,2026-09-08,2026-09-08,SYS-404 unknown tio2-my routes,USER_APPROVED_DESIGN,EXACT_SOURCE_READ,RENDER,NOT_TESTED,Only genuine unknown routes; do not intercept valid pages; DEP01
C02,The page you’re looking for may have moved or is no longer available.,APPROVED_QUALIFIED_COPY,docs/superpowers/specs/2026-09-08-404-thank-you-pages-design-v0.1.md,4.1,2026-09-08,2026-09-08,SYS-404 body first sentence,USER_APPROVED_DESIGN,EXACT_SOURCE_READ,RENDER_WITH_QUALIFIER,NOT_TESTED,Preserve may; no verified move destination or permanent-removal claim
C03,"Let’s help you find what you need. / You can continue by exploring our titanium dioxide products, requesting technical documents, or contacting our team.",APPROVED_COPY,docs/superpowers/specs/2026-09-08-404-thank-you-pages-design-v0.1.md,4.1,2026-09-08,2026-09-08,SYS-404 H1 and body second sentence,USER_APPROVED_DESIGN,EXACT_SOURCE_READ,RENDER,NOT_TESTED,Navigation options only; no new capability or delivery guarantee
C04,Explore Products -> /products/ -> PRODUCT-000,APPROVED_NAVIGATION,docs/superpowers/specs/2026-09-08-404-thank-you-pages-design-v0.1.md | docs/architecture/PAGE_REGISTRY_V0.2.md | research/keyword/11_page_keyword_master.csv,4.1;PRODUCT-000 row,2026-09-08 approval;2026-09-02 Registry base,2026-09-08,SYS-404 Primary action,USER_APPROVED_DESIGN,REGISTERED_TARGET_VERIFIED,RENDER,NOT_TESTED,Products owns selection; no parameters; target availability remains DEP02
C05,Go to Homepage -> / -> HOME-001,APPROVED_NAVIGATION,docs/superpowers/specs/2026-09-08-404-thank-you-pages-design-v0.1.md | docs/architecture/PAGE_REGISTRY_V0.2.md | research/keyword/11_page_keyword_master.csv,4.1;HOME-001 row,2026-09-08 approval;2026-09-02 Registry base,2026-09-08,SYS-404 Primary action,USER_APPROVED_DESIGN,REGISTERED_TARGET_VERIFIED,RENDER,NOT_TESTED,Home owns broad supply positioning and site entry; no automatic redirect; DEP02
C06,Request Documents -> /request-documents/ -> CONV-DOC,APPROVED_NAVIGATION,docs/superpowers/specs/2026-09-08-404-thank-you-pages-design-v0.1.md | docs/architecture/PAGE_REGISTRY_V0.2.md | research/keyword/11_page_keyword_master.csv,4.1;CONV-DOC row,2026-09-08 approval;2026-09-02 Registry base,2026-09-08,SYS-404 Supporting action,USER_APPROVED_DESIGN,REGISTERED_TARGET_VERIFIED,RENDER,NOT_TESTED,Controlled request only; no download or availability assurance; no prefill; DEP02
C07,Contact Our Team -> /contact/ -> CONTACT-001,APPROVED_NAVIGATION,docs/superpowers/specs/2026-09-08-404-thank-you-pages-design-v0.1.md | docs/architecture/PAGE_REGISTRY_V0.2.md | research/keyword/11_page_keyword_master.csv,4.1;CONTACT-001 row,2026-09-08 approval;2026-09-02 Registry base,2026-09-08,SYS-404 Supporting action,USER_APPROVED_DESIGN,REGISTERED_TARGET_VERIFIED,RENDER,NOT_TESTED,Contact owns verified channels; no inferred phone/email/response time; DEP02
C08,Request a Quote -> /request-a-quote/ -> CONV-RFQ,APPROVED_NAVIGATION,docs/superpowers/specs/2026-09-08-404-thank-you-pages-design-v0.1.md | docs/architecture/PAGE_REGISTRY_V0.2.md | research/keyword/11_page_keyword_master.csv,4.1;CONV-RFQ row,2026-09-08 approval;2026-09-02 Registry base,2026-09-08,SYS-404 Supporting action,USER_APPROVED_DESIGN,REGISTERED_TARGET_VERIFIED,RENDER,NOT_TESTED,RFQ owns capture and receiver; 404 click is not quotation or conversion proof; DEP02
C09,NO_PRIMARY_KEYWORD; N; Navigation recovery; no search ownership,APPROVED_PAGE_IDENTITY,docs/architecture/SYS_404_CONV_THANK_PAGE_ADDITION_DECISION_V1.0.md | research/keyword/11_page_keyword_master.csv,3;SYS-404 row,2026-09-08,2026-09-08,SYS-404 governance and search classification,USER_APPROVED_DESIGN,REGISTERED_IDENTITY_VERIFIED,INTERNAL_CONTRACT_ONLY,NOT_APPLICABLE,No commercial SERP claim or metrics; NOT_APPLICABLE_SYSTEM_UTILITY_PAGE
C10,Unknown tio2-my URLs return real HTTP 404 without intercepting valid routes,APPROVED_RUNTIME_REQUIREMENT,docs/superpowers/specs/2026-09-08-404-thank-you-pages-design-v0.1.md,7.1;10.2,2026-09-08,2026-09-08,Response status and routing,USER_APPROVED_DESIGN,REQUIREMENT_CONFIRMED,TECHNICAL_CONTRACT_ONLY,NOT_TESTED,Gate 8 implementation and Gate 9 response tests; DEP01
C11,"noindex, follow; excluded from sitemap",APPROVED_INDEXING_REQUIREMENT,docs/superpowers/specs/2026-09-08-404-thank-you-pages-design-v0.1.md | docs/architecture/SYS_404_CONV_THANK_PAGE_ADDITION_DECISION_V1.0.md,7.1;3,2026-09-08,2026-09-08,SYS-404 robots and sitemap,USER_APPROVED_DESIGN,EXACT_SOURCE_READ,TECHNICAL_CONTRACT_ONLY,NOT_TESTED,No search-engine crawling or ranking guarantee; Gate 8/9 DEP03
C12,No indexable canonical contract for arbitrary unknown URLs; no page-specific Schema required,APPROVED_MACHINE_SEMANTICS,docs/superpowers/specs/2026-09-08-404-thank-you-pages-design-v0.1.md,7.1,2026-09-08,2026-09-08,SYS-404 canonical and Schema,USER_APPROVED_DESIGN,EXACT_SOURCE_READ,TECHNICAL_CONTRACT_ONLY,NOT_TESTED,No separate indexable /404/ or acquisition/answer target; DEP03
C13,Shared Header Mobile Header Mobile Menu Footer production Logo and fixed RFQ are consumed from Home / Global Chrome owner,APPROVED_SHARED_REQUIREMENT,docs/superpowers/specs/2026-09-08-404-thank-you-pages-design-v0.1.md | docs/architecture/GLOBAL_HEADER_FOOTER_SPEC_V0.5.md | brand/logo/production/PRODUCTION_SVG_LOGO_MANIFEST_V1.0.md,3;9;10.3;Global Chrome 5;Logo 2-3,2026-09-08;2026-08-31,2026-09-08,Shared site surfaces,USER_APPROVED_DESIGN,OWNER_CONTRACT_READ,SHARED_OWNER_RENDER,NOT_TESTED,No page-local fork or new asset keys; inherited source is not runtime proof; DEP04
C14,Unknown routes have zero current-navigation links per surface and no buyer-visible CURRENT label,APPROVED_NAVIGATION_SEMANTICS,docs/superpowers/specs/2026-09-08-404-thank-you-pages-design-v0.1.md | docs/architecture/GLOBAL_HEADER_FOOTER_SPEC_V0.5.md,4.2;10.2.4;Global Chrome 3,2026-09-08;2026-08-31,2026-09-08,Desktop and Mobile navigation surfaces,USER_APPROVED_DESIGN,EXACT_SOURCE_READ,SHARED_OWNER_RENDER,NOT_TESTED,No inferred Products parent from an invalid URL prefix; DEP04
C15,Privacy EN and BM plus Cookie Policy and Cookie Settings are shared Footer utilities; no Terms page,APPROVED_SHARED_LEGAL_STRUCTURE,docs/architecture/GLOBAL_FOOTER_LEGAL_UTILITY_ADDENDUM_V1.0.md | docs/architecture/LEGAL_PRIVACY_NO_TERMS_TITAN_PATTERN_DECISION_V1.0.md,1-3;1,2026-09-02,2026-09-08,SYS-404 shared Footer consumption,USER_APPROVED_SHARED_CONTRACT,EXACT_SOURCE_READ,SHARED_OWNER_RENDER,NOT_TESTED,Cookie Settings is a functional button; legal copy remains with owner; DEP04
C16,1440/768/390 complete views with keyboard reachability visible focus logical 44x44 minimum at 390 and 200 percent zoom without horizontal overflow,APPROVED_ACCESSIBILITY_REQUIREMENT,docs/superpowers/specs/2026-09-08-404-thank-you-pages-design-v0.1.md,9;10.3.6,2026-09-08,2026-09-08,SYS-404 complete responsive states,USER_APPROVED_DESIGN,REQUIREMENT_CONFIRMED,TECHNICAL_CONTRACT_ONLY,NOT_TESTED,Keep recovery actions under wrapping and main heading as initial landmark; Gate 3/4 and 9 DEP05
C17,site_scope=tio2-my with no cross-scope fallback; sanitize 404 path analytics query/fragment under approved consent,APPROVED_SCOPE_AND_ANALYTICS_REQUIREMENT,docs/superpowers/specs/2026-09-08-404-thank-you-pages-design-v0.1.md | AGENTS.md,8;10.3.5;AGENTS 3,2026-09-08;current root,2026-09-08,Routing data cache shared components and analytics,USER_APPROVED_DESIGN,REQUIREMENT_CONFIRMED,TECHNICAL_CONTRACT_ONLY,NOT_TESTED,Do not record personal/sensitive URL content or count navigation as form success; Gate 8/9 DEP06-DEP07
