evidence_id,file_name,source_authority,source_url,captured_date,bytes,sha256,evidence_use,limitations
IN-RAW-001,RES-TRADE-IN_RAW_DGTR_FINAL_FINDINGS_2026-08-03.pdf,"DGTR, Ministry of Commerce and Industry","https://dgtr.gov.in/sites/default/files/2026-08/Titanium%20eng%20ncv_signed%20(1).pdf",2026-09-06,1838526,723F355191E90438550BC1ABD1928B4C6174AD91FEA9C7C950BAA07BF5D2C445,"Current remand final finding; court/quash history; PUC; recommendations and duty table","DGTR recommendation is not a Ministry of Finance imposition"
IN-RAW-002,RES-TRADE-IN_RAW_DGTR_FINAL_FINDINGS_2026-08-03.txt,"Mechanical text extraction from IN-RAW-001","local derivative",2026-09-06,289719,43ED584F1DAF8E7AC9BDCBE666E49ED1EA161F7F8F2224E1ABAA4C68795134C3,"Searchable full-text derivative of the 97-page PDF","PDF controls if extraction differs"
IN-RAW-003,RES-TRADE-IN_RAW_DGTR_CASE_PAGE_2026-09-06.html,"DGTR, Ministry of Commerce and Industry","https://dgtr.gov.in/en/anti-dumping-cases/anti-dumping-investigation-concerning-imports-titanium-dioxide-originating-or",2026-09-06,67917,C3BDC95FA14C114576EB651A2BF96DDEE33FE3415F27552727D72D3DC6F8C76E,"Official event sequence through the 3 August 2026 final finding","Page carries a legacy file-number field; linked 2026 PDF controls current case identity"
IN-RAW-004,RES-TRADE-IN_RAW_CBIC_GST_RATES_2026-09-06.html,"CBIC GST","https://cbic-gst.gov.in/hindi/gst-goods-services-rates.html",2026-09-06,875233,CDB4FA6061E7A7C07041FA2B3D1E7A46ECB189DD61D77CC038D62BFAE087409D,"Current GST schedule for Chapter 28 and heading 3206","Actual assessment remains classification/date dependent"
IN-RAW-005,RES-TRADE-IN_RAW_ICEGATE_IMPORT_DUTY_ENQUIRY_2026-09-06.html,"ICEGATE / CBIC","https://www.icegate.gov.in/Webappl/index_imp.jsp",2026-09-06,32526,16DD54D952459E33E37B4C6A9D4C3C833A120A89E240B2E2CA4A89EC7ADBE533,"Official transaction-time tariff/origin lookup path","No BCD percentage retrieved; calculator access is restricted"
IN-RAW-006,RES-TRADE-IN_RAW_CBIC_INSTRUCTION_33_2025.html,"CBIC Tax Information portal locator","https://taxinformation.cbic.gov.in/view-pdf/1000568/ENG/Instructions",2026-09-06,3067,016D7F4D80C58BF98743CC6BED4B5F2D18D57A262A78C6152397BC3C0498997D,"Access evidence only","Returned JavaScript shell; no substantive claim depends on it"
IN-RAW-007,RES-TRADE-IN_RAW_WEB_SEARCH_EXACT_2026-09-06.md,"Project web search","exact query: india titanium dioxide anti dumping duty",2026-09-06,2598,FA915D619BDA0D2E5C390681FEFDC9A92A32354A15BBCEA0E13F5C2B0426404C,"Exact-query result mix and stale-result risk","No authenticated Google/Semrush controls"
IN-RAW-008,RES-TRADE-IN_RAW_WEB_SEARCH_OFFICIAL_EXPANDED_2026-09-06.md,"Project web search/fetch","official DGTR/DoR/CBIC/Gazette/ICEGATE queries",2026-09-06,3607,97933BF312BCE542BE9B97E69A23708C58372BD6B06AA4B7DB0E31B6EEEB1BF4,"Official expanded query observations and bounded negative search","No new implementing notification located; this is not proof of universal nonexistence"

