source_id,site_name,site_type,homepage_url,capture_date,desktop_snapshot,mobile_snapshot,deep_dive,status,notes
m01_chemours_tipure,"Chemours Ti-Pure",manufacturers,https://www.tipure.com/en/,2026-08-29,../01_original_homepages/manufacturers/m01_chemours_tipure/desktop-full.png,../01_original_homepages/manufacturers/m01_chemours_tipure/mobile-full.png,YES,BLOCKED_OR_CHALLENGE,"Cloudflare verification page captured; normal homepage content was not accessible in the capture environment."
m02_tronox,"Tronox",manufacturers,https://www.tronox.com/,2026-08-29,../01_original_homepages/manufacturers/m02_tronox/desktop-full.png,../01_original_homepages/manufacturers/m02_tronox/mobile-full.png,YES,CAPTURED,"Cookie banner dismissed using Allow all."
m03_kronos,"KRONOS",manufacturers,https://www.kronosww.com/,2026-08-29,../01_original_homepages/manufacturers/m03_kronos/desktop-full.png,../01_original_homepages/manufacturers/m03_kronos/mobile-full.png,YES,CAPTURED,"Cookie banner dismissed using Reject all."
m04_lb_group,"LB Group",manufacturers,https://www.lomonbillions.global/,2026-08-29,../01_original_homepages/manufacturers/m04_lb_group/desktop-full.png,../01_original_homepages/manufacturers/m04_lb_group/mobile-full.png,YES,CAPTURED,"Current public homepage captured; cookie preference overlay remained visible in the saved snapshots."
m05_tioxide,"Tioxide",manufacturers,https://tioxide.com/,2026-08-29,../01_original_homepages/manufacturers/m05_tioxide/desktop-full.png,../01_original_homepages/manufacturers/m05_tioxide/mobile-full.png,YES,CAPTURED,"Current public homepage captured."
m06_ineos_pigments,"INEOS Pigments",manufacturers,https://www.ineos.com/businesses/ineos-enterprises/businesses/ineos-pigments/,2026-08-29,../01_original_homepages/manufacturers/m06_ineos_pigments/desktop-full.png,../01_original_homepages/manufacturers/m06_ineos_pigments/mobile-full.png,YES,CAPTURED,"Cookie banner dismissed using Allow all."
m07_precheza,"PRECHEZA",manufacturers,https://www.precheza.cz/en/,2026-08-29,../01_original_homepages/manufacturers/m07_precheza/desktop-full.png,../01_original_homepages/manufacturers/m07_precheza/mobile-full.png,YES,CAPTURED,"Current public homepage captured."
m08_tayca,"Tayca",manufacturers,https://www.tayca.co.jp/english/,2026-08-29,../01_original_homepages/manufacturers/m08_tayca/desktop-full.png,,NO,CAPTURED,"Current English homepage captured."
m09_cinkarna,"Cinkarna Celje",manufacturers,https://www.cinkarna.si/en,2026-08-29,../01_original_homepages/manufacturers/m09_cinkarna/desktop-full.png,,NO,CAPTURED,"Current English homepage captured."
m10_kmml,"KMML",manufacturers,https://www.kmml.com/,2026-08-29,../01_original_homepages/manufacturers/m10_kmml/desktop-full.png,,NO,CAPTURED,"Current public homepage captured."
m11_ttpl,"Travancore Titanium Products",manufacturers,https://travancoretitanium.com/,2026-08-29,../01_original_homepages/manufacturers/m11_ttpl/desktop-full.png,,NO,CAPTURED,"Current public homepage captured."
d01_brenntag,"Brenntag",distributors,https://www.brenntag.com/,2026-08-29,../01_original_homepages/distributors/d01_brenntag/desktop-full.png,,NO,SELECTOR_ONLY,"Global root redirected to a country/language selector; no substantive homepage modules were coded."
d02_imcd,"IMCD",distributors,https://www.imcdgroup.com/,2026-08-29,../01_original_homepages/distributors/d02_imcd/desktop-full.png,,NO,CAPTURED,"Cookie banner dismissed using Accept all."
d03_azelis,"Azelis",distributors,https://www.azelis.com/,2026-08-29,../01_original_homepages/distributors/d03_azelis/desktop-full.png,,NO,CAPTURED,"Homepage redirected to English locale."
d04_dksh_performance_materials,"DKSH Performance Materials",distributors,https://www.dksh.com/global-en/home/performance-materials?s=0,2026-08-29,../01_original_homepages/distributors/d04_dksh_performance_materials/desktop-full.png,../01_original_homepages/distributors/d04_dksh_performance_materials/mobile-full.png,YES,CAPTURED,"Business-unit homepage captured as a more relevant distributor benchmark than the corporate root."
d05_univar_uk,"Univar Solutions UK",distributors,https://www.univarsolutions.co.uk/,2026-08-29,../01_original_homepages/distributors/d05_univar_uk/desktop-full.png,,NO,BLOCKED_OR_CHALLENGE,"Cloudflare verification page captured; normal homepage content was not accessible in the capture environment."
d06_safic_alcan,"Safic-Alcan",distributors,https://corporate.safic-alcan.com/,2026-08-29,../01_original_homepages/distributors/d06_safic_alcan/desktop-full.png,,NO,CAPTURED,"Current corporate homepage captured."
r01_focus_chemical,"Focus Chemical Malaysia",malaysia_regional,https://www.focuspigment.com.my/,2026-08-29,../01_original_homepages/malaysia_regional/r01_focus_chemical/desktop-full.png,../01_original_homepages/malaysia_regional/r01_focus_chemical/mobile-full.png,YES,CAPTURED,"Current public homepage captured."
r02_purika,"Purika Industries",malaysia_regional,https://www.purika.my/,2026-08-29,../01_original_homepages/malaysia_regional/r02_purika/desktop-full.png,,NO,CAPTURED,"Current public homepage captured."
r03_orc_chem,"Orc Chem",malaysia_regional,https://orcchem.com.my/,2026-08-29,../01_original_homepages/malaysia_regional/r03_orc_chem/desktop-full.png,,NO,CAPTURED,"Current public homepage captured."
r04_luxchem,"Luxchem",malaysia_regional,https://www.luxchem.com.my/,2026-08-29,../01_original_homepages/malaysia_regional/r04_luxchem/desktop-full.png,,NO,CAPTURED,"Current public homepage captured."
r05_excel_chemical,"Excel Chemical Trading",malaysia_regional,https://excelchemical.com.my/,2026-08-29,../01_original_homepages/malaysia_regional/r05_excel_chemical/desktop-full.png,,NO,CAPTURED,"Current public homepage captured."
r06_apcc,"APCC Malaysia",malaysia_regional,https://www.apccm.com.my/,2026-08-29,../01_original_homepages/malaysia_regional/r06_apcc/desktop-full.png,,NO,CAPTURED,"Current public homepage captured."
s01_mytio2,"mytio2.com",self_baseline,https://www.mytio2.com/,2026-08-29,../01_original_homepages/self_baseline/s01_mytio2/desktop-full.png,../01_original_homepages/self_baseline/s01_mytio2/mobile-full.png,YES,CAPTURED,"Cookie banner dismissed using Reject. This source is excluded from peer module frequency counts."
