source_id,source_type,source_name,source_url,market,language,database,device,captured_at,data_date_shown_by_source,capture_method,raw_directory,files,completeness_status,limitations,sha256_verified,eligible_for_analysis,notes
SEMRUSH-UK-ORIGIN-20260829-001,semrush,Semrush Keyword Overview Bulk,https://zh.semrush.com/analytics/keywordoverview/bulk/?q=malaysia+titanium+dioxide&db=uk&bulk=LYQwNiCeDOCWIAIAuskgHawK7AQE1gHsAPWPAUwB9QIZ4FCAnWAc1nWVQ21wJLKoo0mHPiKkKCaFgAOMsLHKMENKHBCV0hDgGMAFu0RDuovhKrgkS9CBQA3cp0IAmKbPmLGQA,UK,EN,uk,desktop,2026-08-29T03:48:56.201Z,2026-08-29,complete page outerHTML + structured DOM + visible text + structured table rows,D:/23MySec/keyword-research/raw/semrush/2026-08-29/uk/semrush_uk_origin_001,page_outerhtml.html | dom_snapshot.txt | visible_text.txt | table_rows.json | request_keywords.txt | capture_limitations.txt,COMPLETE,Native CSV download event unavailable in built-in browser; structured capture used. | Search Volume and CPC displayed as unavailable for all five keywords.,YES,YES,Native Semrush CSV unavailable; complete structured capture retained.
SERP-GLOBAL-MY-TIO2-SUPPLIER-20260829,serp,Web search raw response,Search engine query via web research tool,GLOBAL,EN,web search,Unavailable,2026-08-29T03:52:05.123Z,2026-08-29,complete raw response returned by web search,D:/23MySec/keyword-research/raw/serp/2026-08-29/GLOBAL/EN/malaysia_titanium_dioxide_supplier,raw_search.txt,COMPLETE,"Provider result order is preserved, but exact Google data-center location and personalization are unavailable. | Use as SERP-intent evidence; do not treat result counts as search volume.",YES,YES,Query: malaysia titanium dioxide supplier manufacturer
SERP-EU-TIO2-SUPPLIER-20260829,serp,Web search raw response,Search engine query via web research tool,EU,EN,web search,Unavailable,2026-08-29T03:52:05.125Z,2026-08-29,complete raw response returned by web search,D:/23MySec/keyword-research/raw/serp/2026-08-29/EU/EN/titanium_dioxide_supplier_europe,raw_search.txt,COMPLETE,"Provider result order is preserved, but exact Google data-center location and personalization are unavailable. | Use as SERP-intent evidence; do not treat result counts as search volume.",YES,YES,Query: titanium dioxide supplier Europe
SERP-UK-TIO2-SUPPLIER-20260829,serp,Web search raw response,Search engine query via web research tool,UK,EN,web search,Unavailable,2026-08-29T03:52:05.126Z,2026-08-29,complete raw response returned by web search,D:/23MySec/keyword-research/raw/serp/2026-08-29/UK/EN/titanium_dioxide_supplier_uk,raw_search.txt,COMPLETE,"Provider result order is preserved, but exact Google data-center location and personalization are unavailable. | Use as SERP-intent evidence; do not treat result counts as search volume.",YES,YES,Query: titanium dioxide supplier UK
SERP-INDIA-TIO2-SUPPLIER-20260829,serp,Web search raw response,Search engine query via web research tool,INDIA,EN,web search,Unavailable,2026-08-29T03:52:05.126Z,2026-08-29,complete raw response returned by web search,D:/23MySec/keyword-research/raw/serp/2026-08-29/INDIA/EN/titanium_dioxide_supplier_india,raw_search.txt,COMPLETE,"Provider result order is preserved, but exact Google data-center location and personalization are unavailable. | Use as SERP-intent evidence; do not treat result counts as search volume.",YES,YES,Query: titanium dioxide supplier India
SERP-BRAZIL-PTBR-TIO2-SUPPLIER-20260829,serp,Web search raw response,Search engine query via web research tool,BRAZIL,PT-BR,web search,Unavailable,2026-08-29T03:52:05.127Z,2026-08-29,complete raw response returned by web search,D:/23MySec/keyword-research/raw/serp/2026-08-29/BRAZIL/PT-BR/fornecedor_dioxido_titanio_brasil,raw_search.txt,COMPLETE,"Provider result order is preserved, but exact Google data-center location and personalization are unavailable. | Use as SERP-intent evidence; do not treat result counts as search volume.",YES,YES,Query: fornecedor de dióxido de titânio Brasil
SERP-GLOBAL-TIO2-COATINGS-20260829,serp,Web search raw response,Search engine query via web research tool,GLOBAL,EN,web search,Unavailable,2026-08-29T03:52:05.128Z,2026-08-29,complete raw response returned by web search,D:/23MySec/keyword-research/raw/serp/2026-08-29/GLOBAL/EN/titanium_dioxide_for_coatings,raw_search.txt,COMPLETE,"Provider result order is preserved, but exact Google data-center location and personalization are unavailable. | Use as SERP-intent evidence; do not treat result counts as search volume.",YES,YES,Query: titanium dioxide for coatings pigment supplier
SERP-GLOBAL-TIO2-PLASTICS-20260829,serp,Web search raw response,Search engine query via web research tool,GLOBAL,EN,web search,Unavailable,2026-08-29T03:52:05.128Z,2026-08-29,complete raw response returned by web search,D:/23MySec/keyword-research/raw/serp/2026-08-29/GLOBAL/EN/titanium_dioxide_for_plastics,raw_search.txt,COMPLETE,"Provider result order is preserved, but exact Google data-center location and personalization are unavailable. | Use as SERP-intent evidence; do not treat result counts as search volume.",YES,YES,Query: titanium dioxide for plastics pigment supplier
SERP-EU-TIO2-ANTIDUMPING-20260829,serp,Web search raw response,Search engine query via web research tool,EU,EN,web search,Unavailable,2026-08-29T03:52:05.129Z,2026-08-29,complete raw response returned by web search,D:/23MySec/keyword-research/raw/serp/2026-08-29/EU/EN/titanium_dioxide_anti_dumping_europe,raw_search.txt,COMPLETE,"Provider result order is preserved, but exact Google data-center location and personalization are unavailable. | Use as SERP-intent evidence; do not treat result counts as search volume.",YES,YES,Query: titanium dioxide anti dumping Europe EU
SERP-GLOBAL-TIO2-REACH-20260829,serp,Web search raw response,Search engine query via web research tool,GLOBAL,EN,web search,Unavailable,2026-08-29T03:52:05.129Z,2026-08-29,complete raw response returned by web search,D:/23MySec/keyword-research/raw/serp/2026-08-29/GLOBAL/EN/titanium_dioxide_reach,raw_search.txt,COMPLETE,"Provider result order is preserved, but exact Google data-center location and personalization are unavailable. | Use as SERP-intent evidence; do not treat result counts as search volume.",YES,YES,Query: titanium dioxide REACH registration supplier
SERP-GLOBAL-TIO2-FOR-MASTERBATCH-20260829,serp,Web search raw response,Search engine query via web research tool,GLOBAL,EN,web search,Unavailable,2026-08-29T03:52:05.130Z,2026-08-29,complete raw response returned by web search,D:/23MySec/keyword-research/raw/serp/2026-08-29/GLOBAL/EN/titanium_dioxide_for_masterbatch,raw_search.txt,COMPLETE,"Provider result order is preserved, but exact Google data-center location and personalization are unavailable. | Use as SERP-intent evidence; do not treat result counts as search volume.",YES,YES,Query: titanium dioxide for masterbatch supplier
SERP-GLOBAL-TIO2-MASTERBATCH-20260829,serp,Web search raw response,Search engine query via web research tool,GLOBAL,EN,web search,Unavailable,2026-08-29T03:52:05.132Z,2026-08-29,complete raw response returned by web search,D:/23MySec/keyword-research/raw/serp/2026-08-29/GLOBAL/EN/titanium_dioxide_masterbatch,raw_search.txt,COMPLETE,"Provider result order is preserved, but exact Google data-center location and personalization are unavailable. | Use as SERP-intent evidence; do not treat result counts as search volume.",YES,YES,Query: titanium dioxide masterbatch
OFFICIAL-EU-EURLEX-2025-4,official,EU-EURLEX-2025-4,https://eur-lex.europa.eu/eli/reg_impl/2025/4/oj,EU,EN,official government source,N/A,2026-08-29T03:55:09.201Z,2025-01-09,complete HTTP response download,D:/23MySec/keyword-research/raw/official/2026-08-29/EU/EU-EURLEX-2025-4,source.html,COMPLETE,,YES,YES,Definitive EU anti-dumping measure in force for covered TiO2 originating in China; scope and rates must be read from the regulation.
OFFICIAL-EU-EC-TRADE-TIO2-2025,official,EU-EC-TRADE-TIO2-2025,https://policy.trade.ec.europa.eu/news/eu-acts-counter-dumping-titanium-dioxide-china-2025-01-09_en,EU,EN,official government source,N/A,2026-08-29T03:55:09.204Z,2025-01-09,complete HTTP response download,D:/23MySec/keyword-research/raw/official/2026-08-29/EU/EU-EC-TRADE-TIO2-2025,source.html,COMPLETE,,YES,YES,Official European Commission summary of definitive measure.
OFFICIAL-EU-ECHA-TIO2-INFOCARD,official,EU-ECHA-TIO2-INFOCARD,https://echa.europa.eu/substance-information/-/substanceinfo/100.171.063,EU,EN,official government source,N/A,2026-08-29T03:55:09.205Z,Unavailable,complete HTTP response download,D:/23MySec/keyword-research/raw/official/2026-08-29/EU/EU-ECHA-TIO2-INFOCARD,source.html,PARTIAL,Downloaded page did not contain the substantive ECHA infocard content. | Do not use for a regulatory conclusion; reacquire or verify manually.,YES,NO,Capture returned only an access shell; substantive REACH details require verification.
OFFICIAL-UK-TRA-TIO2-INVESTIGATION-2026,official,UK-TRA-TIO2-INVESTIGATION-2026,https://www.gov.uk/government/news/tra-opens-investigation-into-chinese-imports-of-titanium-dioxide,UK,EN,official government source,N/A,2026-08-29T03:55:09.206Z,2026-03-03,complete HTTP response download,D:/23MySec/keyword-research/raw/official/2026-08-29/UK/UK-TRA-TIO2-INVESTIGATION-2026,source.html,COMPLETE,,YES,YES,Anti-dumping investigation opened; not a definitive duty notice.
OFFICIAL-UK-TRN-2026-14,official,UK-TRN-2026-14,https://www.gov.uk/government/publications/trade-remedies-notice-registration-of-imports-of-rutile-titanium-dioxide-originating-from-china/trade-remedies-notice-202614-registration-of-imports-of-rutile-titanium-dioxide-originating-from-china,UK,EN,official government source,N/A,2026-08-29T03:55:09.207Z,2026-03-26,complete HTTP response download,D:/23MySec/keyword-research/raw/official/2026-08-29/UK/UK-TRN-2026-14,source.html,COMPLETE,,YES,YES,Registration of covered rutile TiO2 imports from China effective 2026-03-27; registration is not a definitive duty.
OFFICIAL-INDIA-DGTR-TIO2-CASE,official,INDIA-DGTR-TIO2-CASE,https://www.dgtr.gov.in/en/anti-dumping-cases/anti-dumping-investigation-concerning-imports-titanium-dioxide-originating-or,INDIA,EN,official government source,N/A,2026-08-29T03:55:09.208Z,2026-08-03,complete HTTP response download,D:/23MySec/keyword-research/raw/official/2026-08-29/INDIA/INDIA-DGTR-TIO2-CASE,source.html,COMPLETE,,YES,YES,DGTR final findings published after remand; Ministry of Finance duty implementation not verified and remains VERIFY_REQUIRED.
OFFICIAL-BRAZIL-MDIC-TIO2-MEASURE,official,BRAZIL-MDIC-TIO2-MEASURE,https://www.gov.br/mdic/pt-br/assuntos/comercio-exterior/defesa-comercial-e-interesse-publico/medidas-em-vigor/medidas-em-vigor/pigmentos-dioxido-titanio-md,BRAZIL,PT-BR,official government source,N/A,2026-08-29T03:55:09.209Z,2025-10-24,complete HTTP response download,D:/23MySec/keyword-research/raw/official/2026-08-29/BRAZIL/BRAZIL-MDIC-TIO2-MEASURE,source.html,COMPLETE,,YES,YES,Official page lists definitive anti-dumping measure in force for covered rutile TiO2 pigments originating in China.
OFFICIAL-BRAZIL-MDIC-TIO2-PUBLIC-INTEREST,official,BRAZIL-MDIC-TIO2-PUBLIC-INTEREST,https://www.gov.br/mdic/pt-br/assuntos/comercio-exterior/defesa-comercial-e-interesse-publico/investigacoes/avaliacoes-de-interesse-publico/dioxido-de-titanio-ip,BRAZIL,PT-BR,official government source,N/A,2026-08-29T03:55:09.210Z,2026-03-27,complete HTTP response download,D:/23MySec/keyword-research/raw/official/2026-08-29/BRAZIL/BRAZIL-MDIC-TIO2-PUBLIC-INTEREST,source.html,COMPLETE,,YES,YES,Public-interest evaluation ongoing as of capture date.
OFFICIAL-BRAZIL-MDIC-TIO2-CLOSED-INVESTIGATION,official,BRAZIL-MDIC-TIO2-CLOSED-INVESTIGATION,https://www.gov.br/mdic/pt-br/assuntos/comercio-exterior/defesa-comercial-e-interesse-publico/investigacoes/investigacoes-de-defesa-comercial/pigmentos-de-dioxido-de-titanio,BRAZIL,PT-BR,official government source,N/A,2026-08-29T03:55:09.211Z,2025-10-24,complete HTTP response download,D:/23MySec/keyword-research/raw/official/2026-08-29/BRAZIL/BRAZIL-MDIC-TIO2-CLOSED-INVESTIGATION,source.html,COMPLETE,,YES,YES,Official investigation page records conclusion and definitive measure publication.
SEMRUSH-UK-MARKET-20260829-002,SEMRUSH_UI_RAW,SEMRUSH-UK-MARKET-20260829-002,https://zh.semrush.com/analytics/keywordoverview/bulk/?q=titanium+dioxide+supplier+uk&db=uk&bulk=C4S2EMDsQVwWwAQBMQHsAeIkFMEGcYAHQgGxGwCcEYBrAH1FQCZ8jTyraGwpZEUMWXHCgwAZuADGwGBUrV6oCNHjI0mHAhBxCqCsAV0RJcAE88IcAiW9VAjbi6RUkBJIAWISFZsr%2B6oUNfPjVBTShQZHhCLwBzIJ4-UIdrcAoQMTEFIA,UK,English,uk,desktop,2026-08-29T00:00:00+08:00,2026-08-29,Complete local raw capture,D:\23MySec\keyword-research\raw\semrush\2026-08-29\uk\semrush_uk_market_002,page_outerhtml.html | visible_text.txt | dom_snapshot.txt | table_rows.json | request_keywords.txt | capture_limitations.txt | table_rows_from_dom.json,COMPLETE,Append-only correction: locator-based table_rows.json was empty because Semrush uses a virtualized table; every visible row is preserved in dom_snapshot.txt and extracted verbatim into table_rows_from_dom.json. All 8 requested keywords are present. Unavailable values preserved verbatim.,YES,YES,Append-only correction: locator-based table_rows.json was empty because Semrush uses a virtualized table; every visible row is preserved in dom_snapshot.txt and extracted verbatim into table_rows_from_dom.json. All 8 requested keywords are present. Unavailable values preserved verbatim.
SEMRUSH-IN-MARKET-20260829-001,SEMRUSH_UI_RAW,Semrush Keyword Overview India batch,https://zh.semrush.com/analytics/keywordoverview/bulk/?q=titanium+dioxide+supplier+india&db=in&bulk=C4S2EMDsQVwWwAQBMQHsAeIkFMEGcYAHQgGxGwCcERIVwAfUVAJnyNPKprsbClkQoMWXHCgwAZuADGwGBUrVaIBqAjR4yNJhzU4hVBWBKeYkuACeeFQjX9NQnbm4r6kVJATSAFjXC2%2BDUFtERNXOyCtYV1CChBpZ2VVQIEopwQoUGR4QhoAczDk9VTHUIlDBEJwGmMXIvtg6NxyqlJwPFBpPELeYocQ3RaEMQ7KACNwYB9CoA,INDIA,English,in,desktop,2026-08-29T00:00:00+08:00,2026-08-29,In-app browser complete local capture,D:\23MySec\keyword-research\raw\semrush\2026-08-29\in\semrush_in_market_001,page_outerhtml.html | visible_text.txt | dom_snapshot.txt | table_rows.json | request_keywords.txt | capture_limitations.txt,COMPLETE,"Native CSV export unavailable; equivalent complete structured evidence retained. | Search volume, CPC and trend displayed Unavailable.",YES,YES,All 11 requested keywords and refreshed intent/KD/SERP-feature rows are preserved locally.
SEMRUSH-BR-MARKET-20260829-001,SEMRUSH_UI_RAW,Semrush Keyword Overview Brazil bilingual batch,https://zh.semrush.com/analytics/keywordoverview/bulk/?q=titanium+dioxide+supplier+brazil&db=br&bulk=C4S2EMDsQVwWwAQBMQHsAeIkFMEGcYAHQgGxGwCcEAjC8ALxBIB9QJp5k1Mca7GWoVACY%2BDJqzBRYiFBiy4QcQqgrBKYgczjgS4AJ54Q4BG2mc5PXLXEtIqSAgDGACxCQTZjrO4LNErxkueV4oUGR4QncAc38WADNVSGwnbCRVZFwUAGeeVEzTMAAj6FRmHLyCthK0MSMWJRU1cHSqXgqsfN5q0vKQXM6q4tKEQnA6QsgIPD6B9KHgGvyxidIAQ7xQJ1Q8IA,BRAZIL,English | PT-BR,br,desktop,2026-08-29T00:00:00+08:00,2026-08-29,In-app browser complete local capture,D:\23MySec\keyword-research\raw\semrush\2026-08-29\br\semrush_br_market_001,page_outerhtml.html | visible_text.txt | dom_snapshot.txt | table_rows.json | request_keywords.txt | capture_limitations.txt,COMPLETE,Native CSV export unavailable; equivalent complete structured evidence retained.,YES,YES,All 12 requested English and Portuguese keywords and refreshed metrics are preserved locally.
SEMRUSH-DE-EU-PROXY-20260829-001,SEMRUSH_UI_RAW,Semrush Keyword Overview Germany database EU proxy batch,https://zh.semrush.com/analytics/keywordoverview/bulk/?q=titanium+dioxide+supplier+europe&db=de&bulk=C4S2EMDsQVwWwAQBMQHsAeIkFMEGcYAHQgGxGwCcFsYLVDsAfUVAJnyNPKproebBRYiFBiy44UGADNwAY2C1K1WvSagI0eMjSYcCEHEKoKwZbzWNJJcAE88IcAg1Dtovbgv9IqSAjkAFiCQTi5aIrriKnzqguE6YvpQoMjwhMEA5tGWYcIJHs7gFCDS0tn8uW6R%2BobGpuWxmnnuUQTEZMoZlJKQtgJsHO3cCF0UPX2VEYm40ib%2BqOCgkBl4DUA,EU,English,de,desktop,2026-08-29T00:00:00+08:00,2026-08-29,In-app browser complete local capture,D:\23MySec\keyword-research\raw\semrush\2026-08-29\de\semrush_de_eu_proxy_001,page_outerhtml.html | visible_text.txt | dom_snapshot.txt | table_rows.json | request_keywords.txt | capture_limitations.txt,COMPLETE,"Germany database is an EU proxy and not EU-wide. | Native CSV export unavailable; equivalent complete structured evidence retained. | Search volume, CPC and trend displayed Unavailable.",YES,YES,All 12 requested EU/Europe and Germany proxy keywords and refreshed rows are preserved locally.
PROJECT-BRIEF-TIO2-MALAYSIA-V1.0,PROJECT_SPECIFICATION_RAW,TiO2 Malaysia Keyword Research Agent Brief V1.0,Local project input: D:/23MySec/TiO2_Malaysia_Keyword_Research_Agent_Brief_V1.0.md,GLOBAL | EU | UK | INDIA | BRAZIL,Chinese | English,Local file,N/A,2026-08-29T00:00:00+08:00,2026-08-29,Byte-complete local copy of project input before analysis,D:\23MySec\keyword-research\raw\discovery\2026-08-29\project_brief_v1,TiO2_Malaysia_Keyword_Research_Agent_Brief_V1.0.md,COMPLETE,"This is a project specification and seed source, not independent evidence of demand or policy.",YES,YES,"Used for scope, seed vocabulary, required architecture, fields, and QA rules only."
SERP-REV-BUY-BULK-20260829,serp,Web search raw response (base64 JSON envelope),Search engine query via web research tool,GLOBAL,EN,web search,Unavailable,2026-08-29T00:00:00+08:00,2026-08-29,complete raw response returned by web search; JSON serialized and base64 encoded for byte-safe append-only storage; decoded JSON copy added for direct local analysis,D:\23MySec\keyword-research\raw\serp\2026-08-29\REVISION\EN\buy_titanium_dioxide_bulk,raw_search_response.json.b64 | raw_search_response.json,COMPLETE,Exact Google data-center location and personalization are unavailable. | Use as SERP intent evidence; do not treat result counts as search volume. | Stored file is base64 encoding of the complete serialized tool response.,YES,YES,Append-only finalized manifest. Original PENDING_HASH manifest preserved; no prior raw evidence changed.
SERP-REV-GRADE-BLR895-20260829,serp,Web search raw response (base64 JSON envelope),Search engine query via web research tool,GLOBAL,EN,web search,Unavailable,2026-08-29T00:00:00+08:00,2026-08-29,complete raw response returned by web search; JSON serialized and base64 encoded for byte-safe append-only storage; decoded JSON copy added for direct local analysis,D:\23MySec\keyword-research\raw\serp\2026-08-29\REVISION\EN\blr895_alternative_equivalent,raw_search_response.json.b64 | raw_search_response.json,COMPLETE,Exact Google data-center location and personalization are unavailable. | Use as SERP intent evidence; do not treat result counts as search volume. | No technical equivalence may be inferred from search results. | Stored file is base64 encoding of the complete serialized tool response.,YES,YES,Append-only finalized manifest. Original PENDING_HASH manifest preserved; no prior raw evidence changed.
SERP-REV-BRAND-CHEMOURS-20260829,serp,Web search raw response (base64 JSON envelope),Search engine query via web research tool,GLOBAL,EN,web search,Unavailable,2026-08-29T00:00:00+08:00,2026-08-29,complete raw response returned by web search; JSON serialized and base64 encoded for byte-safe append-only storage; decoded JSON copy added for direct local analysis,D:\23MySec\keyword-research\raw\serp\2026-08-29\REVISION\EN\chemours_ti_pure_alternative,raw_search_response.json.b64 | raw_search_response.json,COMPLETE,Exact Google data-center location and personalization are unavailable. | Use as SERP intent evidence; do not treat result counts as search volume. | No technical equivalence may be inferred from search results. | Stored file is base64 encoding of the complete serialized tool response.,YES,YES,Append-only finalized manifest. Original PENDING_HASH manifest preserved; no prior raw evidence changed.
SERP-REV-BRAND-CITIC-20260829,serp,Web search raw response (base64 JSON envelope),Search engine query via web research tool,GLOBAL,EN,web search,Unavailable,2026-08-29T00:00:00+08:00,2026-08-29,complete raw response returned by web search; JSON serialized and base64 encoded for byte-safe append-only storage; decoded JSON copy added for direct local analysis,D:\23MySec\keyword-research\raw\serp\2026-08-29\REVISION\EN\citic_alternative_grades,raw_search_response.json.b64 | raw_search_response.json,COMPLETE,Exact Google data-center location and personalization are unavailable. | Use as SERP intent evidence; do not treat result counts as search volume. | No technical equivalence may be inferred from search results. | Stored file is base64 encoding of the complete serialized tool response.,YES,YES,Append-only finalized manifest. Original PENDING_HASH manifest preserved; no prior raw evidence changed.
SERP-REV-GRADE-CITIC-R5566-20260829,serp,Web search raw response (base64 JSON envelope),Search engine query via web research tool,GLOBAL,EN,web search,Unavailable,2026-08-29T00:00:00+08:00,2026-08-29,complete raw response returned by web search; JSON serialized and base64 encoded for byte-safe append-only storage; decoded JSON copy added for direct local analysis,D:\23MySec\keyword-research\raw\serp\2026-08-29\REVISION\EN\citic_r5566_alternative_equivalent,raw_search_response.json.b64 | raw_search_response.json,COMPLETE,Exact Google data-center location and personalization are unavailable. | Use as SERP intent evidence; do not treat result counts as search volume. | No technical equivalence may be inferred from search results. | Stored file is base64 encoding of the complete serialized tool response.,YES,YES,Append-only finalized manifest. Original PENDING_HASH manifest preserved; no prior raw evidence changed.
SERP-REV-BRAND-CNNC-20260829,serp,Web search raw response (base64 JSON envelope),Search engine query via web research tool,GLOBAL,EN,web search,Unavailable,2026-08-29T00:00:00+08:00,2026-08-29,complete raw response returned by web search; JSON serialized and base64 encoded for byte-safe append-only storage; decoded JSON copy added for direct local analysis,D:\23MySec\keyword-research\raw\serp\2026-08-29\REVISION\EN\cnnc_alternative_grades,raw_search_response.json.b64 | raw_search_response.json,COMPLETE,Exact Google data-center location and personalization are unavailable. | Use as SERP intent evidence; do not treat result counts as search volume. | No technical equivalence may be inferred from search results. | Stored file is base64 encoding of the complete serialized tool response.,YES,YES,Append-only finalized manifest. Original PENDING_HASH manifest preserved; no prior raw evidence changed.
SERP-REV-GRADE-CNNC-R216-20260829,serp,Web search raw response (base64 JSON envelope),Search engine query via web research tool,GLOBAL,EN,web search,Unavailable,2026-08-29T00:00:00+08:00,2026-08-29,complete raw response returned by web search; JSON serialized and base64 encoded for byte-safe append-only storage; decoded JSON copy added for direct local analysis,D:\23MySec\keyword-research\raw\serp\2026-08-29\REVISION\EN\cnnc_r216_alternative_equivalent,raw_search_response.json.b64 | raw_search_response.json,COMPLETE,Exact Google data-center location and personalization are unavailable. | Use as SERP intent evidence; do not treat result counts as search volume. | No technical equivalence may be inferred from search results. | Stored file is base64 encoding of the complete serialized tool response.,YES,YES,Append-only finalized manifest. Original PENDING_HASH manifest preserved; no prior raw evidence changed.
SERP-REV-GRADE-KRONOS2310-20260829,serp,Web search raw response (base64 JSON envelope),Search engine query via web research tool,GLOBAL,EN,web search,Unavailable,2026-08-29T00:00:00+08:00,2026-08-29,complete raw response returned by web search; JSON serialized and base64 encoded for byte-safe append-only storage; decoded JSON copy added for direct local analysis,D:\23MySec\keyword-research\raw\serp\2026-08-29\REVISION\EN\kronos_2310_alternative_equivalent,raw_search_response.json.b64 | raw_search_response.json,COMPLETE,Exact Google data-center location and personalization are unavailable. | Use as SERP intent evidence; do not treat result counts as search volume. | No technical equivalence may be inferred from search results. | Stored file is base64 encoding of the complete serialized tool response.,YES,YES,Append-only finalized manifest. Original PENDING_HASH manifest preserved; no prior raw evidence changed.
SERP-REV-BRAND-KRONOS-20260829,serp,Web search raw response (base64 JSON envelope),Search engine query via web research tool,GLOBAL,EN,web search,Unavailable,2026-08-29T00:00:00+08:00,2026-08-29,complete raw response returned by web search; JSON serialized and base64 encoded for byte-safe append-only storage; decoded JSON copy added for direct local analysis,D:\23MySec\keyword-research\raw\serp\2026-08-29\REVISION\EN\kronos_alternative_grades,raw_search_response.json.b64 | raw_search_response.json,COMPLETE,Exact Google data-center location and personalization are unavailable. | Use as SERP intent evidence; do not treat result counts as search volume. | No technical equivalence may be inferred from search results. | Stored file is base64 encoding of the complete serialized tool response.,YES,YES,Append-only finalized manifest. Original PENDING_HASH manifest preserved; no prior raw evidence changed.
SERP-REV-BRAND-LB-20260829,serp,Web search raw response (base64 JSON envelope),Search engine query via web research tool,GLOBAL,EN,web search,Unavailable,2026-08-29T00:00:00+08:00,2026-08-29,complete raw response returned by web search; JSON serialized and base64 encoded for byte-safe append-only storage; decoded JSON copy added for direct local analysis,D:\23MySec\keyword-research\raw\serp\2026-08-29\REVISION\EN\lb_lomon_billions_alternative_grades,raw_search_response.json.b64 | raw_search_response.json,COMPLETE,Exact Google data-center location and personalization are unavailable. | Use as SERP intent evidence; do not treat result counts as search volume. | No technical equivalence may be inferred from search results. | Stored file is base64 encoding of the complete serialized tool response.,YES,YES,Append-only finalized manifest. Original PENDING_HASH manifest preserved; no prior raw evidence changed.
SERP-REV-GRADE-TR92-20260829,serp,Web search raw response (base64 JSON envelope),Search engine query via web research tool,GLOBAL,EN,web search,Unavailable,2026-08-29T00:00:00+08:00,2026-08-29,complete raw response returned by web search; JSON serialized and base64 encoded for byte-safe append-only storage; decoded JSON copy added for direct local analysis,D:\23MySec\keyword-research\raw\serp\2026-08-29\REVISION\EN\tioxide_tr92_alternative_equivalent,raw_search_response.json.b64 | raw_search_response.json,COMPLETE,Exact Google data-center location and personalization are unavailable. | Use as SERP intent evidence; do not treat result counts as search volume. | No technical equivalence may be inferred from search results. | Stored file is base64 encoding of the complete serialized tool response.,YES,YES,Append-only finalized manifest. Original PENDING_HASH manifest preserved; no prior raw evidence changed.
SERP-REV-GRADE-R706-20260829,serp,Web search raw response (base64 JSON envelope),Search engine query via web research tool,GLOBAL,EN,web search,Unavailable,2026-08-29T00:00:00+08:00,2026-08-29,complete raw response returned by web search; JSON serialized and base64 encoded for byte-safe append-only storage; decoded JSON copy added for direct local analysis,D:\23MySec\keyword-research\raw\serp\2026-08-29\REVISION\EN\tipure_r706_alternative_equivalent,raw_search_response.json.b64 | raw_search_response.json,COMPLETE,Exact Google data-center location and personalization are unavailable. | Use as SERP intent evidence; do not treat result counts as search volume. | No technical equivalence may be inferred from search results. | Stored file is base64 encoding of the complete serialized tool response.,YES,YES,Append-only finalized manifest. Original PENDING_HASH manifest preserved; no prior raw evidence changed.
SERP-REV-BUY-DISTRIBUTOR-20260829,serp,Web search raw response (base64 JSON envelope),Search engine query via web research tool,GLOBAL,EN,web search,Unavailable,2026-08-29T00:00:00+08:00,2026-08-29,complete raw response returned by web search; JSON serialized and base64 encoded for byte-safe append-only storage; decoded JSON copy added for direct local analysis,D:\23MySec\keyword-research\raw\serp\2026-08-29\REVISION\EN\titanium_dioxide_distributor,raw_search_response.json.b64 | raw_search_response.json,COMPLETE,Exact Google data-center location and personalization are unavailable. | Use as SERP intent evidence; do not treat result counts as search volume. | Stored file is base64 encoding of the complete serialized tool response.,YES,YES,Append-only finalized manifest. Original PENDING_HASH manifest preserved; no prior raw evidence changed.
SERP-REV-BUY-EQUIVALENT-GRADE-20260829,serp,Web search raw response (base64 JSON envelope),Search engine query via web research tool,GLOBAL,EN,web search,Unavailable,2026-08-29T00:00:00+08:00,2026-08-29,complete raw response returned by web search; JSON serialized and base64 encoded for byte-safe append-only storage; decoded JSON copy added for direct local analysis,D:\23MySec\keyword-research\raw\serp\2026-08-29\REVISION\EN\titanium_dioxide_equivalent_grade,raw_search_response.json.b64 | raw_search_response.json,COMPLETE,Exact Google data-center location and personalization are unavailable. | Use as SERP intent evidence; do not treat result counts as search volume. | Stored file is base64 encoding of the complete serialized tool response.,YES,YES,Append-only finalized manifest. Original PENDING_HASH manifest preserved; no prior raw evidence changed.
SERP-REV-BUY-GRADE-ALTERNATIVE-20260829,serp,Web search raw response (base64 JSON envelope),Search engine query via web research tool,GLOBAL,EN,web search,Unavailable,2026-08-29T00:00:00+08:00,2026-08-29,complete raw response returned by web search; JSON serialized and base64 encoded for byte-safe append-only storage; decoded JSON copy added for direct local analysis,D:\23MySec\keyword-research\raw\serp\2026-08-29\REVISION\EN\titanium_dioxide_grade_alternative,raw_search_response.json.b64 | raw_search_response.json,COMPLETE,Exact Google data-center location and personalization are unavailable. | Use as SERP intent evidence; do not treat result counts as search volume. | Stored file is base64 encoding of the complete serialized tool response.,YES,YES,Append-only finalized manifest. Original PENDING_HASH manifest preserved; no prior raw evidence changed.
SERP-REV-BUY-QUOTATION-20260829,serp,Web search raw response (base64 JSON envelope),Search engine query via web research tool,GLOBAL,EN,web search,Unavailable,2026-08-29T00:00:00+08:00,2026-08-29,complete raw response returned by web search; JSON serialized and base64 encoded for byte-safe append-only storage; decoded JSON copy added for direct local analysis,D:\23MySec\keyword-research\raw\serp\2026-08-29\REVISION\EN\titanium_dioxide_quotation,raw_search_response.json.b64 | raw_search_response.json,COMPLETE,Exact Google data-center location and personalization are unavailable. | Use as SERP intent evidence; do not treat result counts as search volume. | Stored file is base64 encoding of the complete serialized tool response.,YES,YES,Append-only finalized manifest. Original PENDING_HASH manifest preserved; no prior raw evidence changed.
SERP-REV-BUY-QUOTE-20260829,serp,Web search raw response (base64 JSON envelope),Search engine query via web research tool,GLOBAL,EN,web search,Unavailable,2026-08-29T00:00:00+08:00,2026-08-29,complete raw response returned by web search; JSON serialized and base64 encoded for byte-safe append-only storage; decoded JSON copy added for direct local analysis,D:\23MySec\keyword-research\raw\serp\2026-08-29\REVISION\EN\titanium_dioxide_quote_supplier,raw_search_response.json.b64 | raw_search_response.json,COMPLETE,Exact Google data-center location and personalization are unavailable. | Use as SERP intent evidence; do not treat result counts as search volume. | Stored file is base64 encoding of the complete serialized tool response.,YES,YES,Append-only finalized manifest. Original PENDING_HASH manifest preserved; no prior raw evidence changed.
SERP-REV-BUY-REPLACEMENT-20260829,serp,Web search raw response (base64 JSON envelope),Search engine query via web research tool,GLOBAL,EN,web search,Unavailable,2026-08-29T00:00:00+08:00,2026-08-29,complete raw response returned by web search; JSON serialized and base64 encoded for byte-safe append-only storage; decoded JSON copy added for direct local analysis,D:\23MySec\keyword-research\raw\serp\2026-08-29\REVISION\EN\titanium_dioxide_replacement_equivalent,raw_search_response.json.b64 | raw_search_response.json,COMPLETE,Exact Google data-center location and personalization are unavailable. | Use as SERP intent evidence; do not treat result counts as search volume. | Stored file is base64 encoding of the complete serialized tool response.,YES,YES,Append-only finalized manifest. Original PENDING_HASH manifest preserved; no prior raw evidence changed.
SERP-REV-BUY-SAMPLE-20260829,serp,Web search raw response (base64 JSON envelope),Search engine query via web research tool,GLOBAL,EN,web search,Unavailable,2026-08-29T00:00:00+08:00,2026-08-29,complete raw response returned by web search; JSON serialized and base64 encoded for byte-safe append-only storage; decoded JSON copy added for direct local analysis,D:\23MySec\keyword-research\raw\serp\2026-08-29\REVISION\EN\titanium_dioxide_sample_supplier,raw_search_response.json.b64 | raw_search_response.json,COMPLETE,Exact Google data-center location and personalization are unavailable. | Use as SERP intent evidence; do not treat result counts as search volume. | Stored file is base64 encoding of the complete serialized tool response.,YES,YES,Append-only finalized manifest. Original PENDING_HASH manifest preserved; no prior raw evidence changed.
SERP-REV-BUY-SOURCING-20260829,serp,Web search raw response (base64 JSON envelope),Search engine query via web research tool,GLOBAL,EN,web search,Unavailable,2026-08-29T00:00:00+08:00,2026-08-29,complete raw response returned by web search; JSON serialized and base64 encoded for byte-safe append-only storage; decoded JSON copy added for direct local analysis,D:\23MySec\keyword-research\raw\serp\2026-08-29\REVISION\EN\titanium_dioxide_sourcing_supplier,raw_search_response.json.b64 | raw_search_response.json,COMPLETE,Exact Google data-center location and personalization are unavailable. | Use as SERP intent evidence; do not treat result counts as search volume. | Stored file is base64 encoding of the complete serialized tool response.,YES,YES,Append-only finalized manifest. Original PENDING_HASH manifest preserved; no prior raw evidence changed.
SERP-REV-BUY-WHOLESALER-20260829,serp,Web search raw response (base64 JSON envelope),Search engine query via web research tool,GLOBAL,EN,web search,Unavailable,2026-08-29T00:00:00+08:00,2026-08-29,complete raw response returned by web search; JSON serialized and base64 encoded for byte-safe append-only storage; decoded JSON copy added for direct local analysis,D:\23MySec\keyword-research\raw\serp\2026-08-29\REVISION\EN\titanium_dioxide_wholesaler,raw_search_response.json.b64 | raw_search_response.json,COMPLETE,Exact Google data-center location and personalization are unavailable. | Use as SERP intent evidence; do not treat result counts as search volume. | Stored file is base64 encoding of the complete serialized tool response.,YES,YES,Append-only finalized manifest. Original PENDING_HASH manifest preserved; no prior raw evidence changed.
SERP-REV-BRAND-TRONOX-20260829,serp,Web search raw response (base64 JSON envelope),Search engine query via web research tool,GLOBAL,EN,web search,Unavailable,2026-08-29T00:00:00+08:00,2026-08-29,complete raw response returned by web search; JSON serialized and base64 encoded for byte-safe append-only storage; decoded JSON copy added for direct local analysis,D:\23MySec\keyword-research\raw\serp\2026-08-29\REVISION\EN\tronox_alternative_grades,raw_search_response.json.b64 | raw_search_response.json,COMPLETE,Exact Google data-center location and personalization are unavailable. | Use as SERP intent evidence; do not treat result counts as search volume. | No technical equivalence may be inferred from search results. | Stored file is base64 encoding of the complete serialized tool response.,YES,YES,Append-only finalized manifest. Original PENDING_HASH manifest preserved; no prior raw evidence changed.
SERP-REV-GRADE-CR828-20260829,serp,Web search raw response (base64 JSON envelope),Search engine query via web research tool,GLOBAL,EN,web search,Unavailable,2026-08-29T00:00:00+08:00,2026-08-29,complete raw response returned by web search; JSON serialized and base64 encoded for byte-safe append-only storage; decoded JSON copy added for direct local analysis,D:\23MySec\keyword-research\raw\serp\2026-08-29\REVISION\EN\tronox_cr828_alternative_equivalent,raw_search_response.json.b64 | raw_search_response.json,COMPLETE,Exact Google data-center location and personalization are unavailable. | Use as SERP intent evidence; do not treat result counts as search volume. | No technical equivalence may be inferred from search results. | Stored file is base64 encoding of the complete serialized tool response.,YES,YES,Append-only finalized manifest. Original PENDING_HASH manifest preserved; no prior raw evidence changed.
SERP-REV-BRAND-VENATOR-20260829,serp,Web search raw response (base64 JSON envelope),Search engine query via web research tool,GLOBAL,EN,web search,Unavailable,2026-08-29T00:00:00+08:00,2026-08-29,complete raw response returned by web search; JSON serialized and base64 encoded for byte-safe append-only storage; decoded JSON copy added for direct local analysis,D:\23MySec\keyword-research\raw\serp\2026-08-29\REVISION\EN\venator_tioxide_alternative_grades,raw_search_response.json.b64 | raw_search_response.json,COMPLETE,Exact Google data-center location and personalization are unavailable. | Use as SERP intent evidence; do not treat result counts as search volume. | No technical equivalence may be inferred from search results. | Stored file is base64 encoding of the complete serialized tool response.,YES,YES,Append-only finalized manifest. Original PENDING_HASH manifest preserved; no prior raw evidence changed.
SERP-REV-GRADE-KRONOS2310-TIO2-20260829,serp,Web search raw response (base64 JSON envelope),Search engine query via web research tool,GLOBAL,EN,web search,Unavailable,2026-08-29T00:00:00+08:00,2026-08-29,complete raw response returned by web search; JSON serialized and base64 encoded for byte-safe append-only storage; decoded JSON copy added for direct local analysis,D:\23MySec\keyword-research\raw\serp\2026-08-29\REVISION\EN\kronos_2310_tio2_alternative_equivalent,raw_search_response.json.b64 | raw_search_response.json,COMPLETE,Exact Google data-center location and personalization are unavailable. | Use as SERP intent evidence; do not treat result counts as search volume. | No technical equivalence may be inferred from search results. | Stored file is base64 encoding of the complete serialized tool response.,YES,YES,Append-only finalized manifest. Original PENDING_HASH manifest preserved; no prior raw evidence changed.
SERP-R01-PVC-DISCOVERY-01-20260907,serp,Web search raw response,Search engine queries via web research tool,GLOBAL,EN,web search,Unavailable,2026-09-07T08:13:40.4172647+08:00,2026-09-07,complete raw response returned by web search and serialized as JSON,D:/23MySec/research/keyword/raw/serp/2026-09-07/GLOBAL/EN/r01_pvc_upvc_discovery_batch_01,raw_search_response.json,COMPLETE,Exact Google data-center location and personalization are unavailable. | Use as SERP-intent evidence; do not treat result counts as search volume. | Supplier claims are discovery leads only.,YES,YES,R01 discovery queries: titanium dioxide for PVC | TiO2 for uPVC | supplier | application.
SERP-R01-PVC-CORE-20260907,serp,Web search raw response,Search engine query via web research tool,GLOBAL,EN,web search,Unavailable,2026-09-07T08:13:40.4178272+08:00,2026-09-07,complete raw response returned by web search and serialized as JSON,D:/23MySec/research/keyword/raw/serp/2026-09-07/GLOBAL/EN/r01_titanium_dioxide_for_pvc,raw_search_response.json,COMPLETE,Exact Google data-center location and personalization are unavailable. | Provider result order is preserved; use as SERP-intent evidence only.,YES,YES,Query: titanium dioxide for PVC.
SERP-R01-UPVC-CORE-20260907,serp,Web search raw response,Search engine query via web research tool,GLOBAL,EN,web search,Unavailable,2026-09-07T08:13:40.4189557+08:00,2026-09-07,complete raw response returned by web search and serialized as JSON,D:/23MySec/research/keyword/raw/serp/2026-09-07/GLOBAL/EN/r01_tio2_for_upvc,raw_search_response.json,COMPLETE,Exact Google data-center location and personalization are unavailable. | Provider result order is preserved; use as SERP-intent evidence only.,YES,YES,Query: TiO2 for uPVC.
SERP-R01-PVC-COMMERCIAL-20260907,serp,Web search raw response,Search engine query via web research tool,GLOBAL,EN,web search,Unavailable,2026-09-07T08:13:40.4200646+08:00,2026-09-07,complete raw response returned by web search and serialized as JSON,D:/23MySec/research/keyword/raw/serp/2026-09-07/GLOBAL/EN/r01_titanium_dioxide_for_pvc_supplier,raw_search_response.json,COMPLETE,Exact Google data-center location and personalization are unavailable. | Commercial pages confirm intent patterns only; claims are not accepted as proof.,YES,YES,Query: titanium dioxide for PVC supplier.
SERP-R01-PVC-DISCOVERY-02-20260907,serp,Web search raw response,Search engine queries via web research tool,GLOBAL,EN,web search,Unavailable,2026-09-07T08:18:54.3707410+08:00,2026-09-07,complete raw response returned by web search and serialized as JSON,D:/23MySec/research/keyword/raw/serp/2026-09-07/GLOBAL/EN/r01_pvc_upvc_discovery_batch_02,raw_search_response.json,COMPLETE,Exact Google data-center location and personalization are unavailable. | Use as SERP-intent and source-discovery evidence; do not infer metrics. | Unverified commercial claims are excluded.,YES,YES,R01 variant queries: TiO2 for PVC | rigid PVC | flexible PVC | PVC profiles.
SERP-R01-PVC-DISCOVERY-03-20260907,serp,Web search raw response,Search engine queries via web research tool,GLOBAL,EN,web search,Unavailable,2026-09-07T08:18:54.3727461+08:00,2026-09-07,complete raw response returned by web search and serialized as JSON,D:/23MySec/research/keyword/raw/serp/2026-09-07/GLOBAL/EN/r01_pvc_upvc_discovery_batch_03,raw_search_response.json,COMPLETE,Exact Google data-center location and personalization are unavailable. | Use as SERP-intent and source-discovery evidence; do not infer metrics. | No equivalence substitution dosage or certification is inferred.,YES,YES,R01 downstream queries: pipe | sheet | grade | replacement grade.
SEMRUSH-US-R01-PVC-20260907,semrush,Semrush Keyword Overview and Keyword Magic Tool,https://zh.semrush.com/analytics/keywordoverview/?q=titanium+dioxide+for+pvc&db=us,US,EN,us,desktop,2026-09-07T08:22:39.9086518+08:00,2026-09-07,rendered semantic DOM snapshot of Keyword Overview plus complete eight-row Groups-mode table,D:/23MySec/research/keyword/raw/semrush/2026-09-07/US/EN/r01_titanium_dioxide_for_pvc,raw_dom_snapshot.txt,COMPLETE_WITH_LIMITATIONS,Native page export unsupported; semantic DOM retained. | Exact keyword search volume unavailable. | Keyword Magic rows showed volume 0 and required metric refresh. | No missing metric inferred.,YES,YES,Exact query intent Commercial; KD 4%; volume CPC trend and competition unavailable.
SOURCE-R01-PVC-PRIMARY-OPEN-20260907,source_open,Primary and technical source open-response batch,Chemours application pages | Plastic Pipe Institute TR-02 | PIPA TN006 | journal landing pages,GLOBAL,EN,web open,Unavailable,2026-09-07T08:24:15.7333732+08:00,2026-09-07,complete raw response returned by web open and serialized as JSON,D:/23MySec/research/keyword/raw/source/2026-09-07/GLOBAL/EN/r01_pvc_primary_source_open_batch,raw_open_response.json,COMPLETE_WITH_LIMITATIONS,Chemours and both association PDFs accessible. | Two journal landing-page opens returned internal errors. | Producer claims do not prove TiO2 Malaysia grade performance.,YES,YES,R01 technical-evidence feasibility source batch.
