"page_id","url","primary_keyword","title","meta_description","h1","canonical","robots","schema_type","breadcrumb_parent","primary_internal_link_sources","last_reviewed_date","target_sitemap","exception_directive","delivery_status","source_manifest"
"HOME-001","/","malaysia titanium dioxide","Malaysia Titanium Dioxide Supplier | TiO₂ Malaysia","Explore titanium dioxide grades, applications, destination markets and document request paths through TiO₂ Malaysia for international industrial buyers.","Malaysia Titanium Dioxide for Industrial Buyers","https://tio2malaysia.com/","index, follow","WebSite|WebPage|Organization|Brand","NONE","GLOBAL_CHROME_LOGO","2026-09-13","YES","NONE","CURRENT_APPROVED_OR_PRERELEASE_VALUE_DELIVERED","pages/home/07_qa/HOME-001_GATE9_CURRENT_IMPLEMENTATION_MANIFEST_V0.2.md"
"ABOUT-001","/about/","malaysia titanium dioxide manufacturer","Malaysia Titanium Dioxide Manufacturer | TiO2 Malaysia","Learn about IKHLAS TITANIUM (MALAYSIA) SDN. BHD., a Malaysia-based rutile TiO2 manufacturer with product documentation and export coordination through Port Klang.","Malaysia-Based Titanium Dioxide Supply for Global Markets","https://tio2malaysia.com/about/","index, follow","WebPage|BreadcrumbList","HOME-001","HOME-001|GLOBAL_CHROME_PRIMARY_NAV","2026-09-13","YES","NONE","CURRENT_APPROVED_OR_PRERELEASE_VALUE_DELIVERED","pages/about-contact/05_review/ABOUT-001_GATE5_CURRENT_VISUAL_MANIFEST_V0.3.md"
"MARKET-000","/markets/","NO_PRIMARY_KEYWORD","Markets for Titanium Dioxide Procurement | TiO2 Malaysia","Navigate titanium dioxide procurement information for the European Union, United Kingdom, India, and Brazil, with clear guidance on the next review step.","Choose Your Destination Market","https://tio2malaysia.com/markets/","index, follow","CollectionPage|ItemList|BreadcrumbList","HOME-001","HOME-001|GLOBAL_CHROME_PRIMARY_NAV","2026-09-13","YES","NONE","CURRENT_APPROVED_OR_PRERELEASE_VALUE_DELIVERED","pages/markets/07_qa/MARKET-000_CURRENT_GATE9_BASELINE_MANIFEST_V0.1.md"
"MARKET-EU-001","/markets/european-union/","titanium dioxide supplier europe","Malaysia Titanium Dioxide Supplier for EU Buyers | TiO2 Malaysia","Evaluate titanium dioxide supply for EU procurement by application, grade, documents, origin and import requirements. Request a quote from TiO2 Malaysia.","Malaysia-Origin Titanium Dioxide for European Union Buyers","https://tio2malaysia.com/markets/european-union/","index, follow","WebPage|BreadcrumbList","MARKET-000","MARKET-000|HOME-001","2026-09-13","YES","NONE","CURRENT_APPROVED_OR_PRERELEASE_VALUE_DELIVERED","pages/markets/07_qa/MARKET-EU-001_CURRENT_GATE9_BASELINE_MANIFEST_V0.21.md"
"MARKET-EU-DE","/markets/germany/","titanium dioxide supplier germany","Titanium Dioxide Supplier for Germany | TiO2 Malaysia","Evaluate Malaysia-origin titanium dioxide for coatings, plastics and masterbatch procurement in Germany. Review products, documents, samples and quote inputs.","Titanium Dioxide Supplier for Germany","https://tio2malaysia.com/markets/germany/","index, follow","WebPage|BreadcrumbList","MARKET-000","MARKET-000|HOME-001","2026-09-13","YES","NONE","CURRENT_APPROVED_OR_PRERELEASE_VALUE_DELIVERED","pages/markets/germany/MARKET-EU-DE_CURRENT_GATE_BASELINE_MANIFEST_V0.13.md"
"MARKET-EU-IT","/markets/italy/","titanium dioxide supplier italy","Titanium Dioxide Supplier for Italy | TiO2 Malaysia","Evaluate Malaysia-origin titanium dioxide for coatings, compound, masterbatch and packaging-printing projects in Italy. Review products, documents and quote inputs.","Titanium Dioxide Supplier for Italy","https://tio2malaysia.com/markets/italy/","index, follow","WebPage|BreadcrumbList","MARKET-000","MARKET-000|HOME-001","2026-09-13","YES","NONE","CURRENT_APPROVED_OR_PRERELEASE_VALUE_DELIVERED","pages/markets/italy/MARKET-EU-IT_CURRENT_GATE_BASELINE_MANIFEST_V0.13.md"
"MARKET-EU-ES","/markets/spain/","titanium dioxide supplier spain","Titanium Dioxide Supplier for Spain | TiO2 Malaysia","Explore Malaysia-origin titanium dioxide for your project in Spain. Review product grades and document needs, then request a quote for your requirements.","Titanium Dioxide Supplier for Spain","https://tio2malaysia.com/markets/spain/","index, follow","WebPage|BreadcrumbList","MARKET-000","MARKET-000|HOME-001","2026-09-13","YES","NONE","CURRENT_APPROVED_OR_PRERELEASE_VALUE_DELIVERED","pages/markets/spain/MARKET-EU-ES_CURRENT_GATE_BASELINE_MANIFEST_V0.20.md"
"MARKET-EU-PL","/markets/poland/","titanium dioxide supplier poland","Titanium Dioxide Supplier for Poland | TiO2 Malaysia","Compare Malaysia-origin titanium dioxide grades for coatings, plastics and masterbatch in Poland. Request product documents or submit a quotation request.","Titanium Dioxide Supplier for Poland","https://tio2malaysia.com/markets/poland/","index, follow","WebPage|BreadcrumbList","MARKET-000","MARKET-000|HOME-001","2026-09-13","YES","NONE","CURRENT_APPROVED_OR_PRERELEASE_VALUE_DELIVERED","pages/markets/poland/MARKET-EU-PL_CURRENT_GATE_BASELINE_MANIFEST_V0.25.md"
"MARKET-EU-NL","/markets/netherlands/","titanium dioxide supplier netherlands","Titanium Dioxide Supplier Netherlands | TiO2 Malaysia","Explore Malaysia-origin titanium dioxide for coatings, printing inks, plastics and masterbatch projects in the Netherlands, then request documents or a quote.","Titanium Dioxide Supplier for the Netherlands","https://tio2malaysia.com/markets/netherlands/","index, follow","WebPage|BreadcrumbList","MARKET-000","MARKET-000|HOME-001","2026-09-13","YES","NONE","CURRENT_APPROVED_OR_PRERELEASE_VALUE_DELIVERED","pages/markets/netherlands/MARKET-EU-NL_CURRENT_GATE_BASELINE_MANIFEST_V0.16.md"
"MARKET-EU-BE","/markets/belgium/","titanium dioxide supplier belgium","Titanium Dioxide Supplier Belgium | TiO2 Malaysia","Source Malaysia-origin industrial titanium dioxide for coatings and plastics projects in Belgium. Review product information and documents, or request a quote.","Titanium Dioxide Supplier for Belgium","https://tio2malaysia.com/markets/belgium/","index, follow","WebPage|BreadcrumbList","MARKET-000","MARKET-000|HOME-001","2026-09-13","YES","NONE","CURRENT_APPROVED_OR_PRERELEASE_VALUE_DELIVERED","pages/markets/belgium/MARKET-EU-BE_CURRENT_GATE_BASELINE_MANIFEST_V0.16.md"
"MARKET-UK-001","/markets/united-kingdom/","titanium dioxide supplier uk","Malaysia Titanium Dioxide Supplier for UK Buyers | TiO2 Malaysia","Explore Malaysia-origin titanium dioxide for UK industrial applications, representative grades, GB or NI review paths, documents and RFQ steps.","Malaysia-Origin Titanium Dioxide for United Kingdom Buyers","https://tio2malaysia.com/markets/united-kingdom/","index, follow","WebPage|BreadcrumbList","MARKET-000","MARKET-000|HOME-001","2026-09-13","YES","NONE","CURRENT_APPROVED_OR_PRERELEASE_VALUE_DELIVERED","pages/markets/06_handoff/MARKET-UK-001_CURRENT_GATE8_AUTHORIZATION_MANIFEST_V0.7.md"
"MARKET-IN-001","/markets/india/","titanium dioxide supplier india","Titanium Dioxide Supplier India | TiO2 Malaysia","Explore Malaysia-origin industrial titanium dioxide Grades for coatings, plastics and masterbatch production in India. Request documents or request a quote.","Titanium Dioxide Supplier for India","https://tio2malaysia.com/markets/india/","index, follow","WebPage|BreadcrumbList","MARKET-000","MARKET-000|HOME-001","2026-09-13","YES","NONE","CURRENT_APPROVED_OR_PRERELEASE_VALUE_DELIVERED","pages/markets/india/MARKET-IN-001_CURRENT_GATE_BASELINE_MANIFEST_V0.18.md"
"MARKET-BR-EN","/markets/brazil/","titanium dioxide supplier brazil","Titanium Dioxide Supplier Brazil | TiO2 Malaysia","Explore Malaysia-origin industrial titanium dioxide Grades for coatings, plastics and masterbatch production in Brazil. Request documents or request a quote.","Titanium Dioxide Supplier for Brazil","https://tio2malaysia.com/markets/brazil/","index, follow","WebPage|BreadcrumbList","MARKET-000","MARKET-000|HOME-001","2026-09-13","YES","NONE","CURRENT_APPROVED_OR_PRERELEASE_VALUE_DELIVERED","pages/markets/brazil/MARKET-BR-EN_CURRENT_GATE_BASELINE_MANIFEST_V0.16.md"
"MARKET-BR-PT","/pt-br/markets/brazil/","fornecedor de dióxido de titânio","Fornecedor de dióxido de titânio para o Brasil | TiO2 Malaysia","Dióxido de titânio originário da Malásia para compradores no Brasil. Conheça grades para tintas, plásticos e masterbatch. Solicite documentos ou uma cotação.","Dióxido de titânio originário da Malásia para compradores no Brasil","https://tio2malaysia.com/pt-br/markets/brazil/","index, follow","WebPage|BreadcrumbList","MARKET-000","MARKET-000|HOME-001","2026-09-13","YES","LOCALIZATION_AND_HREFLANG_MUST_CLOSE_BEFORE_RELEASE","CURRENT_VALUE_DELIVERED_PENDING_PLAN_TASK_2_FINAL_RECONFIRMATION","pages/markets/brazil/MARKET-BR-PT_CURRENT_GATE_BASELINE_MANIFEST_V0.15.md"
"PRODUCT-000","/products/","titanium dioxide pigment","Titanium Dioxide Pigment Grades | TiO2 Malaysia","Explore 14 titanium dioxide pigment grades by application, production process and portfolio group, then continue to grade pages for technical evaluation.","Titanium Dioxide Pigment Grades for Industrial Applications","https://tio2malaysia.com/products/","index, follow","CollectionPage|ItemList|BreadcrumbList","HOME-001","HOME-001|GLOBAL_CHROME_PRIMARY_NAV","2026-09-13","YES","NONE","CURRENT_APPROVED_OR_PRERELEASE_VALUE_DELIVERED","pages/products/05_review/PRODUCT-000_GATE6_CURRENT_BASELINE_MANIFEST_V0.1.md"
"PRODUCT-PROC-CL","/products/chloride-process-titanium-dioxide/","chloride process titanium dioxide","Chloride Process Titanium Dioxide | TiO2 Malaysia","Explore eight Malaysia-origin chloride-process titanium dioxide grades, understand what the process label means, and review product information or request a quote.","Chloride Process Titanium Dioxide","https://tio2malaysia.com/products/chloride-process-titanium-dioxide/","index, follow","CollectionPage|ItemList|BreadcrumbList","PRODUCT-000","PRODUCT-000","2026-09-13","YES","NONE","CURRENT_APPROVED_OR_PRERELEASE_VALUE_DELIVERED","pages/products/chloride-process/PRODUCT-PROC-CL_CURRENT_GATE_BASELINE_MANIFEST_V0.29.md"
"PRODUCT-PROC-SU","/products/sulfate-process-titanium-dioxide/","sulfate process titanium dioxide","Sulfate Process Titanium Dioxide Grades | TiO2 Malaysia","Explore five Malaysia-origin sulfate process titanium dioxide Grades by application, then review product details, request documents or request a quote.","Sulfate Process Titanium Dioxide","https://tio2malaysia.com/products/sulfate-process-titanium-dioxide/","index, follow","CollectionPage|ItemList|BreadcrumbList","PRODUCT-000","PRODUCT-000","2026-09-13","YES","NONE","CURRENT_APPROVED_OR_PRERELEASE_VALUE_DELIVERED","pages/products/sulfate-process/PRODUCT-PROC-SU_CURRENT_GATE_BASELINE_MANIFEST_V0.13.md"
"GRADE-M350","/products/m-350/","M-350 titanium dioxide","M-350 Rutile Titanium Dioxide Pigment | TiO2 Malaysia","Evaluate M-350 rutile titanium dioxide pigment for coatings, printing inks and plastics. Review TDS-based technical data and request a sample or quote.","M-350 Rutile Titanium Dioxide Pigment","https://tio2malaysia.com/products/m-350/","index, follow","Product|BreadcrumbList","PRODUCT-000","PRODUCT-000|APPLICATION_PAGES|PROCESS_PAGES","2026-09-13","YES","NONE","CURRENT_APPROVED_OR_PRERELEASE_VALUE_DELIVERED","pages/products/detail-template/05_review/GRADE-M350_GATE9_READ_ONLY_QA_CLOSURE_V0.1.md"
"GRADE-M510","/products/m-510/","M-510 titanium dioxide","M-510 Titanium Dioxide for Coatings | TiO2 Malaysia","Evaluate M-510 titanium dioxide for architectural and automotive coatings, then review secondary application paths or request documents, a sample or RFQ.","M-510 Titanium Dioxide for Coating Evaluation","https://tio2malaysia.com/products/m-510/","index, follow","Product|BreadcrumbList","PRODUCT-000","PRODUCT-000|APPLICATION_PAGES|PROCESS_PAGES","2026-09-13","YES","NONE","CURRENT_APPROVED_OR_PRERELEASE_VALUE_DELIVERED","pages/products/detail-template/05_review/GRADE-M510_CURRENT_GATE9_BASELINE_MANIFEST_V0.8.md"
"GRADE-M896","/products/m-896/","M-896 titanium dioxide","M-896 Titanium Dioxide for Industrial Coatings | TiO2 Malaysia","Evaluate M-896 titanium dioxide for industrial and weather-resistant coatings. Review typical data, request documents or a sample, and submit an RFQ.","M-896 Titanium Dioxide for Industrial Coating Evaluation","https://tio2malaysia.com/products/m-896/","index, follow","Product|BreadcrumbList","PRODUCT-000","PRODUCT-000|APPLICATION_PAGES|PROCESS_PAGES","2026-09-13","YES","NONE","CURRENT_APPROVED_OR_PRERELEASE_VALUE_DELIVERED","pages/products/detail-template/05_review/GRADE-M896_CURRENT_GATE9_BASELINE_MANIFEST_V0.4.md"
"GRADE-M996","/products/m-996/","M-996 titanium dioxide","M-996 Titanium Dioxide for Coatings | TiO2 Malaysia","Evaluate M-996 titanium dioxide for industrial, powder, and exterior or interior architectural coatings. Review typical data, request a sample or RFQ.","M-996 Titanium Dioxide for Industrial, Powder and Architectural Coatings","https://tio2malaysia.com/products/m-996/","index, follow","Product|BreadcrumbList","PRODUCT-000","PRODUCT-000|APPLICATION_PAGES|PROCESS_PAGES","2026-09-13","YES","UNVERIFIED_DIFFERENTIATING_CLAIMS_MUST_NOT_RENDER","CURRENT_APPROVED_OR_PRERELEASE_VALUE_DELIVERED","pages/products/detail-template/05_review/GRADE-M996_CURRENT_GATE9_BASELINE_MANIFEST_V0.3.md"
"GRADE-M2196","/products/m-2196/","M-2196 titanium dioxide","M-2196 Titanium Dioxide for Coatings | TiO2 Malaysia","Evaluate M-2196 titanium dioxide for solvent-based furniture and industrial paint. Review typical data, request a sample or RFQ.","M-2196 Titanium Dioxide for Solvent-Based Furniture and Industrial Paint","https://tio2malaysia.com/products/m-2196/","index, follow","Product|BreadcrumbList","PRODUCT-000","PRODUCT-000|APPLICATION_PAGES|PROCESS_PAGES","2026-09-13","YES","UNVERIFIED_DIFFERENTIATING_CLAIMS_MUST_NOT_RENDER","CURRENT_APPROVED_OR_PRERELEASE_VALUE_DELIVERED","pages/products/detail-template/05_review/GRADE-M2196_CURRENT_GATE9_BASELINE_MANIFEST_V0.3.md"
"GRADE-M895","/products/m-895/","M-895 titanium dioxide","M-895 Titanium Dioxide for Coatings | TiO2 Malaysia","Evaluate M-895 titanium dioxide for architectural and industrial coatings. Review typical data, request documents or a sample, and submit an RFQ.","M-895 Titanium Dioxide for Architectural and Industrial Coatings","https://tio2malaysia.com/products/m-895/","index, follow","Product|BreadcrumbList","PRODUCT-000","PRODUCT-000|APPLICATION_PAGES|PROCESS_PAGES","2026-09-13","YES","NONE","CURRENT_APPROVED_OR_PRERELEASE_VALUE_DELIVERED","pages/products/detail-template/05_review/GRADE-M895_CURRENT_GATE9_BASELINE_MANIFEST_V0.3.md"
"GRADE-M200","/products/m-200/","M-200 titanium dioxide","M-200 Titanium Dioxide for Exterior Plastics | TiO2 Malaysia","Evaluate M-200 titanium dioxide for uPVC profiles, exterior plastics, PVC calendered films and durable plastic masterbatch. Review data, samples and RFQ.","M-200 Titanium Dioxide for Exterior Plastics and Masterbatch Evaluation","https://tio2malaysia.com/products/m-200/","index, follow","Product|BreadcrumbList","PRODUCT-000","PRODUCT-000|APPLICATION_PAGES|PROCESS_PAGES","2026-09-13","YES","NONE","CURRENT_APPROVED_OR_PRERELEASE_VALUE_DELIVERED","pages/products/detail-template/05_review/GRADE-M200_CURRENT_GATE9_BASELINE_MANIFEST_V0.4.md"
"GRADE-M108","/products/m-108/","M-108 titanium dioxide","M-108 Titanium Dioxide for Plastics | TiO2 Malaysia","Evaluate M-108 titanium dioxide for masterbatch, compounds, polyolefin and PVC film, and high-thermal-stability plastics. Review data, sample or RFQ.","M-108 Titanium Dioxide for Plastics and Masterbatch Evaluation","https://tio2malaysia.com/products/m-108/","index, follow","Product|BreadcrumbList","PRODUCT-000","PRODUCT-000|APPLICATION_PAGES|PROCESS_PAGES","2026-09-13","YES","NONE","CURRENT_APPROVED_OR_PRERELEASE_VALUE_DELIVERED","pages/products/detail-template/05_review/GRADE-M108_CURRENT_GATE9_BASELINE_MANIFEST_V0.3.md"
"GRADE-M210","/products/m-210/","M-210 titanium dioxide","M-210 Titanium Dioxide for Masterbatch | TiO2 Malaysia","Evaluate M-210 titanium dioxide for polyolefin masterbatch, PE, PP, ABS, PS and copolymer applications. Review typical data, request a sample or RFQ.","M-210 Titanium Dioxide for Masterbatch and Plastics Evaluation","https://tio2malaysia.com/products/m-210/","index, follow","Product|BreadcrumbList","PRODUCT-000","PRODUCT-000|APPLICATION_PAGES|PROCESS_PAGES","2026-09-13","YES","NONE","CURRENT_APPROVED_OR_PRERELEASE_VALUE_DELIVERED","pages/products/detail-template/05_review/GRADE-M210_CURRENT_GATE9_BASELINE_MANIFEST_V0.3.md"
"GRADE-M340","/products/m-340/","M-340 titanium dioxide","M-340 Titanium Dioxide for Plastics | TiO2 Malaysia","Evaluate M-340 titanium dioxide for masterbatch, films, injection plastics and other documented uses. Review technical data, request a sample or RFQ.","M-340 Titanium Dioxide for Plastics and Masterbatch Evaluation","https://tio2malaysia.com/products/m-340/","index, follow","Product|BreadcrumbList","PRODUCT-000","PRODUCT-000|APPLICATION_PAGES|PROCESS_PAGES","2026-09-13","YES","NONE","CURRENT_APPROVED_OR_PRERELEASE_VALUE_DELIVERED","pages/products/detail-template/05_review/GRADE-M340_CURRENT_GATE9_BASELINE_MANIFEST_V0.3.md"
"GRADE-M886","/products/m-886/","M-886 titanium dioxide","M-886 Titanium Dioxide for Plastics | TiO2 Malaysia","Evaluate M-886 titanium dioxide for polyolefin masterbatch, cast-film processing and engineering plastics. Review typical data, request a sample or RFQ.","M-886 Titanium Dioxide for Plastics and Masterbatch Evaluation","https://tio2malaysia.com/products/m-886/","index, follow","Product|BreadcrumbList","PRODUCT-000","PRODUCT-000|APPLICATION_PAGES|PROCESS_PAGES","2026-09-13","YES","NONE","CURRENT_APPROVED_OR_PRERELEASE_VALUE_DELIVERED","pages/products/detail-template/05_review/GRADE-M886_CURRENT_GATE9_BASELINE_MANIFEST_V0.3.md"
"GRADE-M52","/products/m-52/","M-52 titanium dioxide","M-52 Titanium Dioxide for Printing Inks | TiO2 Malaysia","Evaluate M-52 titanium dioxide for printing inks, can coatings and high-gloss interior architectural coatings. Review typical data, sample or RFQ.","M-52 Titanium Dioxide for Printing Inks and Coatings Evaluation","https://tio2malaysia.com/products/m-52/","index, follow","Product|BreadcrumbList","PRODUCT-000","PRODUCT-000|APPLICATION_PAGES|PROCESS_PAGES","2026-09-13","YES","NONE","CURRENT_APPROVED_OR_PRERELEASE_VALUE_DELIVERED","pages/products/detail-template/05_review/GRADE-M52_CURRENT_GATE9_BASELINE_MANIFEST_V0.3.md"
"GRADE-M2377","/products/m-2377/","M-2377 titanium dioxide","M-2377 Titanium Dioxide | TiO2 Malaysia","Evaluate M-2377 titanium dioxide for coatings, plastics, masterbatch, printing inks and paper. Review typical data, request a sample or RFQ.","M-2377 Titanium Dioxide for Coatings, Plastics, Masterbatch, Inks and Paper","https://tio2malaysia.com/products/m-2377/","index, follow","Product|BreadcrumbList","PRODUCT-000","PRODUCT-000|APPLICATION_PAGES|PROCESS_PAGES","2026-09-13","YES","UNVERIFIED_PROCESS_OR_DIFFERENTIATING_CLAIMS_MUST_NOT_RENDER","CURRENT_APPROVED_OR_PRERELEASE_VALUE_DELIVERED","pages/products/detail-template/05_review/GRADE-M2377_CURRENT_GATE9_BASELINE_MANIFEST_V0.3.md"
"GRADE-CR901","/products/cr-901/","CR-901 titanium dioxide","CR-901 Titanium Dioxide Specialty Grade | TiO2 Malaysia","Evaluate CR-901 titanium dioxide for electronic ceramics, optical glass, battery materials and special metallurgy. Review typical data, request a sample or RFQ.","CR-901 High-Purity Rutile Titanium Dioxide for Specialty Materials","https://tio2malaysia.com/products/cr-901/","index, follow","Product|BreadcrumbList","PRODUCT-000","PRODUCT-000|APPLICATION_PAGES|PROCESS_PAGES","2026-09-13","YES","NONE","CURRENT_APPROVED_OR_PRERELEASE_VALUE_DELIVERED","pages/products/detail-template/05_review/GRADE-CR901_CURRENT_GATE9_BASELINE_MANIFEST_V0.3.md"
"APP-000","/applications/","NO_PRIMARY_KEYWORD","Applications | TiO2 Malaysia","Explore titanium dioxide application paths for coatings, plastics, masterbatch, printing inks, paper and specialty materials.","Explore Titanium Dioxide by Application","https://tio2malaysia.com/applications/","index, follow","CollectionPage|ItemList|BreadcrumbList","HOME-001","HOME-001|GLOBAL_CHROME_PRIMARY_NAV","2026-09-13","YES","FINAL_PAGE_CONTRACT_MUST_CLOSE_BEFORE_RELEASE","CURRENT_VALUE_DELIVERED_PENDING_PLAN_TASK_2_FINAL_RECONFIRMATION","pages/applications/APP-000_CURRENT_GATE_BASELINE_MANIFEST_V1.12.md"
"APP-COAT","/applications/titanium-dioxide-for-coatings/","titanium dioxide for coatings","Titanium Dioxide for Coatings | Grade Evaluation","Compare TiO2 grades in your coating system by formulation, dispersion, film, exposure and test basis. Review Grades, documents, samples and RFQ inputs.","Titanium Dioxide for Coatings","https://tio2malaysia.com/applications/titanium-dioxide-for-coatings/","index, follow","WebPage|BreadcrumbList","APP-000","APP-000|HOME-001","2026-09-13","YES","FINAL_URL_AND_PRODUCT_MAPPING_MUST_CLOSE_BEFORE_RELEASE","CURRENT_VALUE_DELIVERED_PENDING_PLAN_TASK_2_FINAL_RECONFIRMATION","pages/applications/coatings/APP-COAT_CURRENT_GATE_BASELINE_MANIFEST_V0.12.md"
"APP-PLAS","/applications/titanium-dioxide-for-plastics/","titanium dioxide for plastics","Titanium Dioxide for Plastics | Grade Evaluation","Compare TiO2 candidates in a defined plastic resin, process, specimen and exposure. Review Product Grades and prepare a document, sample or quotation request.","Titanium Dioxide for Plastics","https://tio2malaysia.com/applications/titanium-dioxide-for-plastics/","index, follow","WebPage|BreadcrumbList","APP-000","APP-000|HOME-001","2026-09-13","YES","FINAL_URL_AND_PRODUCT_MAPPING_MUST_CLOSE_BEFORE_RELEASE","CURRENT_VALUE_DELIVERED_PENDING_PLAN_TASK_2_FINAL_RECONFIRMATION","pages/applications/plastics/APP-PLAS_CURRENT_GATE_BASELINE_MANIFEST_V0.12.md"
"APP-MB","/applications/titanium-dioxide-for-masterbatch/","titanium dioxide for masterbatch","Titanium Dioxide for Masterbatch Evaluation | TiO2 Malaysia","Evaluate titanium dioxide for masterbatch by separating concentrate processing from final-article evidence. Review Product Grades and prepare your request.","Titanium Dioxide for Masterbatch","https://tio2malaysia.com/applications/titanium-dioxide-for-masterbatch/","index, follow","WebPage|BreadcrumbList","APP-000","APP-000|HOME-001","2026-09-13","YES","FINAL_URL_AND_PRODUCT_MAPPING_MUST_CLOSE_BEFORE_RELEASE","CURRENT_VALUE_DELIVERED_PENDING_PLAN_TASK_2_FINAL_RECONFIRMATION","pages/applications/masterbatch/APP-MB_CURRENT_GATE_BASELINE_MANIFEST_V0.13.md"
"APP-INK","/applications/titanium-dioxide-for-printing-inks/","titanium dioxide for printing inks","Titanium Dioxide for Printing Inks | TiO2 Malaysia","Compare titanium dioxide candidates in a defined white-ink and print system. Review Product Grades and prepare a document, sample or quotation request.","Titanium Dioxide for Printing Inks","https://tio2malaysia.com/applications/titanium-dioxide-for-printing-inks/","index, follow","WebPage|BreadcrumbList","APP-000","APP-000|HOME-001","2026-09-13","YES","FINAL_URL_AND_PRODUCT_MAPPING_MUST_CLOSE_BEFORE_RELEASE","CURRENT_VALUE_DELIVERED_PENDING_PLAN_TASK_2_FINAL_RECONFIRMATION","pages/applications/printing-inks/APP-INK_CURRENT_GATE_BASELINE_MANIFEST_V0.9.md"
"APP-PAPER","/applications/titanium-dioxide-for-paper/","titanium dioxide for paper","Titanium Dioxide for Paper Evaluation | TiO2 Malaysia","Evaluate titanium dioxide for paper in a defined system. Compare method-matched results, review Product Grades, and prepare document, sample or RFQ details.","Titanium Dioxide for Paper","https://tio2malaysia.com/applications/titanium-dioxide-for-paper/","index, follow","WebPage|BreadcrumbList","APP-000","APP-000|HOME-001","2026-09-13","YES","FINAL_URL_AND_PRODUCT_MAPPING_MUST_CLOSE_BEFORE_RELEASE","CURRENT_VALUE_DELIVERED_PENDING_PLAN_TASK_2_FINAL_RECONFIRMATION","pages/applications/paper/APP-PAPER_CURRENT_GATE_BASELINE_MANIFEST_V0.11.md"
"DOC-000","/documents/","NO_PRIMARY_KEYWORD","Documents for Product Qualification | TiO2 Malaysia","Request technical, safety, quality, COA, origin and supplier-qualification documentation for a selected titanium dioxide grade.","Documents for Product & Supplier Qualification","https://tio2malaysia.com/documents/","index, follow","CollectionPage|ItemList|BreadcrumbList","HOME-001","HOME-001|GLOBAL_CHROME_PRIMARY_NAV","2026-09-13","YES","FINAL_PAGE_CONTRACT_MUST_CLOSE_BEFORE_RELEASE","CURRENT_VALUE_DELIVERED_PENDING_PLAN_TASK_2_FINAL_RECONFIRMATION","pages/documents/06_handoff/DOC-000_CURRENT_GATE7_BASELINE_MANIFEST_V0.2.md"
"DOC-REACH","/documents/reach/","titanium dioxide reach registration","Titanium Dioxide REACH Registration: What to Verify | TiO2 Malaysia","Understand which EU REACH information titanium dioxide buyers should verify across substance identity, legal-entity scope, supply-chain role, source and review date.","Titanium Dioxide REACH Registration: What Procurement Teams Should Verify","https://tio2malaysia.com/documents/reach/","index, follow","WebPage|BreadcrumbList","DOC-000","DOC-000|RES-000","2026-09-13","YES","UNVERIFIED_REGULATORY_CLAIMS_MUST_NOT_RENDER","CURRENT_VALUE_DELIVERED_PENDING_PLAN_TASK_2_FINAL_RECONFIRMATION","pages/documents/reach/06_handoff/DOC-REACH_CURRENT_GATE9_BASELINE_MANIFEST_V0.17.md"
"DOC-TDS","/documents/tds-sds-coa/","titanium dioxide tds","Titanium Dioxide TDS, SDS & COA: What to Request | TiO2 Malaysia","Understand the difference between titanium dioxide TDS, SDS and COA, add the relevant product or batch context, and request the documents needed for review.","Titanium Dioxide TDS, SDS & COA: What to Request","https://tio2malaysia.com/documents/tds-sds-coa/","index, follow","WebPage|BreadcrumbList","DOC-000","DOC-000|RES-000","2026-09-13","YES","UNVERIFIED_AVAILABILITY_CLAIMS_MUST_NOT_RENDER","CURRENT_VALUE_DELIVERED_PENDING_PLAN_TASK_2_FINAL_RECONFIRMATION","pages/documents/tds-sds-coa/05_review/DOC-TDS_CURRENT_GATE9_BASELINE_MANIFEST_V0.3.md"
"DOC-COO","/documents/certificate-of-origin/","titanium dioxide country of origin certificate","Certificate of Origin for Titanium Dioxide | TiO2 Malaysia","Understand when a titanium dioxide country of origin certificate or other proof may be relevant and what details to provide with a document request.","Certificate of Origin for Titanium Dioxide: What Buyers Should Verify","https://tio2malaysia.com/documents/certificate-of-origin/","index, follow","WebPage|BreadcrumbList","DOC-000","DOC-000|RES-000","2026-09-13","YES","UNVERIFIED_SHIPMENT_OR_CERTIFICATE_CLAIMS_MUST_NOT_RENDER","CURRENT_VALUE_DELIVERED_PENDING_PLAN_TASK_2_FINAL_RECONFIRMATION","pages/documents/certificate-of-origin/04_planning/DOC-COO_CURRENT_GATE_BASELINE_MANIFEST_V0.17.md"
"CONV-DOC","/request-documents/","NO_PRIMARY_KEYWORD","Request Documents | TiO2 Malaysia","Submit a controlled request for titanium dioxide product, safety, quality, COA, origin or supplier-qualification documentation for human review.","Request Documents","https://tio2malaysia.com/request-documents/","index, follow","WebPage|BreadcrumbList","HOME-001","DOC-000|GLOBAL_CHROME_FOOTER","2026-09-13","YES","CONTROLLED_REQUEST_WORKFLOW_MUST_MATCH_APPROVED_CAPABILITIES","CURRENT_VALUE_DELIVERED_PENDING_PLAN_TASK_2_FINAL_RECONFIRMATION","pages/conversion/05_review/CONV-DOC_CURRENT_GATE9_BASELINE_MANIFEST_V0.4.md"
"RES-000","/resources/","NO_PRIMARY_KEYWORD","Titanium Dioxide Procurement Resources | TiO2 Malaysia","Explore titanium dioxide buying guides, technical evaluation principles and dated market or trade updates for sourcing decisions across the EU, UK, India and Brazil.","Resources for Titanium Dioxide Procurement Decisions","https://tio2malaysia.com/resources/","index, follow","CollectionPage|ItemList|BreadcrumbList","HOME-001","HOME-001|GLOBAL_CHROME_PRIMARY_NAV","2026-09-13","YES","FINAL_PAGE_CONTRACT_MUST_CLOSE_BEFORE_RELEASE","CURRENT_VALUE_DELIVERED_PENDING_PLAN_TASK_2_FINAL_RECONFIRMATION","pages/resources/06_handoff/RES-000_GATE7_MANIFEST_V0.1.md"
"RES-ORIGIN","/resources/non-china-titanium-dioxide/","non china titanium dioxide","Non-China Titanium Dioxide Supply Guide | TiO2 Malaysia","Evaluate non-China titanium dioxide supply using checks for origin evidence, technical documents, application fit and destination-market requirements.","Non-China Titanium Dioxide: A Procurement Evaluation Guide","https://tio2malaysia.com/resources/non-china-titanium-dioxide/","index, follow","WebPage|BreadcrumbList","RES-000","RES-000|HOME-001","2026-09-13","YES","NO_DUTY_CIRCUMVENTION_OR_UNVERIFIED_COMPARISON","CURRENT_APPROVED_OR_PRERELEASE_VALUE_DELIVERED","pages/resources/07_qa/RES-ORIGIN_CURRENT_GATE9_BASELINE_MANIFEST_V0.11.md"
"RES-PROC","/resources/chloride-vs-sulfate-titanium-dioxide/","chloride vs sulfate titanium dioxide","Chloride vs Sulfate Titanium Dioxide | Buyer Guide","Compare chloride and sulfate titanium dioxide routes, learn what route labels can indicate, and identify the grade-level evidence buyers still need to check.","Chloride vs Sulfate Titanium Dioxide: A Buyer’s Evaluation Guide","https://tio2malaysia.com/resources/chloride-vs-sulfate-titanium-dioxide/","index, follow","WebPage|BreadcrumbList","RES-000","RES-000|HOME-001","2026-09-13","YES","NO_ROUTE_ONLY_GRADE_PERFORMANCE_CONCLUSION","CURRENT_APPROVED_OR_PRERELEASE_VALUE_DELIVERED","pages/resources/05_review/RES-PROC_CURRENT_GATE9_COMPARATIVE_REVIEW_MANIFEST_V0.16.md"
"RES-CHEMOURS","/resources/chemours-titanium-dioxide-alternatives/","chemours titanium dioxide alternative","How to Evaluate Chemours Titanium Dioxide Alternatives","Use the exact Ti-Pure grade, application, documented product facts and your own qualification criteria to evaluate another titanium dioxide supply source.","How to Evaluate a Chemours Titanium Dioxide Alternative","https://tio2malaysia.com/resources/chemours-titanium-dioxide-alternatives/","index, follow","TechArticle|BreadcrumbList","RES-000","RES-000|HOME-001","2026-09-13","YES","NO_UNVERIFIED_EQUIVALENCE","CURRENT_VALUE_DELIVERED_PENDING_PLAN_TASK_2_FINAL_RECONFIRMATION","pages/resources/chemours-alternatives/RES-CHEMOURS_CURRENT_GATE_BASELINE_MANIFEST_V0.21.md"
"RES-R706","/resources/ti-pure-r-706-alternative/","ti-pure r-706 alternative equivalent","Ti-Pure R-706 Qualification Guide | TiO2 Malaysia","Use Ti-Pure R-706 product facts, document labels and coating test dimensions to prepare an independent titanium dioxide qualification brief.","Qualify Another TiO2 Supply When Ti-Pure R-706 Is Your Reference","https://tio2malaysia.com/resources/ti-pure-r-706-alternative/","index, follow","WebPage|BreadcrumbList","RES-000","RES-000|HOME-001","2026-09-13","YES","NO_UNVERIFIED_EQUIVALENCE","CURRENT_VALUE_DELIVERED_PENDING_PLAN_TASK_2_FINAL_RECONFIRMATION","pages/resources/r706-alternative/RES-R706_CURRENT_GATE_BASELINE_MANIFEST_V0.9.md"
"RES-TRADE-EU","/resources/eu-titanium-dioxide-anti-dumping-duty/","eu titanium dioxide anti dumping duty","EU Titanium Dioxide Anti-Dumping Duty Update | TiO2 Malaysia","Check the current EU anti-dumping measure for specified China-origin titanium dioxide, the 2026 reinvestigation and shipment inputs to verify.","EU Titanium Dioxide Anti-Dumping Duty: Current Measure and 2026 Review","https://tio2malaysia.com/resources/eu-titanium-dioxide-anti-dumping-duty/","index, follow","WebPage|BreadcrumbList","RES-000","RES-000|HOME-001","2026-09-13","YES","CURRENT_OFFICIAL_SOURCE_AND_DATE_REQUIRED","CURRENT_VALUE_DELIVERED_PENDING_PLAN_TASK_2_FINAL_RECONFIRMATION","pages/resources/eu-trade/RES-TRADE-EU_CURRENT_GATE_BASELINE_MANIFEST_V0.10.md"
"RES-TRADE-UK","/resources/uk-titanium-dioxide-anti-dumping-investigation/","uk titanium dioxide anti dumping investigation","UK Titanium Dioxide Anti-Dumping Investigation | TiO2 Malaysia","Check the active UK AD0086 investigation, rutile titanium dioxide import registration, written scope, key dates and shipment inputs to verify.","UK Rutile Titanium Dioxide: Active AD0086 Investigation and Import Registration","https://tio2malaysia.com/resources/uk-titanium-dioxide-anti-dumping-investigation/","index, follow","WebPage|BreadcrumbList","RES-000","RES-000|HOME-001","2026-09-13","YES","CURRENT_OFFICIAL_SOURCE_AND_DATE_REQUIRED","CURRENT_VALUE_DELIVERED_PENDING_PLAN_TASK_2_FINAL_RECONFIRMATION","pages/resources/uk-trade/RES-TRADE-UK_CURRENT_GATE_BASELINE_MANIFEST_V0.11.md"
"RES-TRADE-IN","/resources/india-titanium-dioxide-anti-dumping-duty/","india titanium dioxide anti dumping duty","India Titanium Dioxide Anti-Dumping Duty Status | TiO2 Malaysia","Check the quashed 2025 India TiO2 levy, DGTR’s 2026 recommendation, product scope, producer paths and shipment inputs to verify.","India Titanium Dioxide Anti-Dumping Duty: 2025 Levy Quashed, 2026 Recommendation Explained","https://tio2malaysia.com/resources/india-titanium-dioxide-anti-dumping-duty/","index, follow","WebPage|BreadcrumbList","RES-000","RES-000|HOME-001","2026-09-13","YES","CURRENT_OFFICIAL_SOURCE_AND_DATE_REQUIRED","CURRENT_VALUE_DELIVERED_PENDING_PLAN_TASK_2_FINAL_RECONFIRMATION","pages/resources/india-trade/RES-TRADE-IN_CURRENT_GATE_BASELINE_MANIFEST_V0.10.md"
"RES-TRADE-BR","/resources/brazil-titanium-dioxide-anti-dumping-duty/","brazil titanium dioxide anti dumping duty","Brazil Titanium Dioxide Anti-Dumping Duty | TiO2 Malaysia","Check Brazil’s definitive TiO2 anti-dumping measure, China-origin scope, four USD/t bands, exclusions and shipment inputs to verify.","Brazil Titanium Dioxide Anti-Dumping Duty: Current Measure, Scope and Rates","https://tio2malaysia.com/resources/brazil-titanium-dioxide-anti-dumping-duty/","index, follow","WebPage|BreadcrumbList","RES-000","RES-000|HOME-001","2026-09-13","YES","CURRENT_OFFICIAL_SOURCE_AND_DATE_REQUIRED","CURRENT_VALUE_DELIVERED_PENDING_PLAN_TASK_2_FINAL_RECONFIRMATION","pages/resources/brazil-trade/RES-TRADE-BR_CURRENT_GATE_BASELINE_MANIFEST_V0.12.md"
"CONV-RFQ","/request-a-quote/","titanium dioxide quote supplier","Request a Titanium Dioxide Quote | TiO2 Malaysia","Request a titanium dioxide quotation from TiO2 Malaysia by providing your grade, application, quantity in metric tonnes and destination for review.","Request a Titanium Dioxide Quote","https://tio2malaysia.com/request-a-quote/","index, follow","WebPage|BreadcrumbList","HOME-001","GLOBAL_CHROME_FIXED_RFQ|HOME-001","2026-09-13","YES","FORM_SUCCESS_REQUIRES_PROVIDER_ACKNOWLEDGEMENT","CURRENT_VALUE_DELIVERED_PENDING_PLAN_TASK_2_FINAL_RECONFIRMATION","pages/conversion/request-a-quote/05_review/CONV-RFQ_CURRENT_GATE9_BASELINE_MANIFEST_V1.6.md"
"CONV-SAMPLE","/request-sample/","titanium dioxide sample supplier","Request a Titanium Dioxide Sample | TiO2 Malaysia","Request a Malaysia-origin titanium dioxide sample for technical evaluation by sharing the grade, application, destination and test objective for human review.","Request a Titanium Dioxide Sample for Technical Evaluation","https://tio2malaysia.com/request-sample/","index, follow","WebPage|BreadcrumbList","HOME-001","PRODUCT_GRADE_PAGES|APPLICATION_PAGES","2026-09-13","YES","FORM_SUCCESS_REQUIRES_PROVIDER_ACKNOWLEDGEMENT","CURRENT_VALUE_DELIVERED_PENDING_PLAN_TASK_2_FINAL_RECONFIRMATION","pages/conversion/request-sample/05_review/CONV-SAMPLE_GATE9_CURRENT_BASELINE_MANIFEST_V0.3.md"
"CONTACT-001","/contact/","NO_PRIMARY_KEYWORD","Contact TiO2 Malaysia | General Inquiries","Contact TiO2 Malaysia with a general company or business inquiry, or use the dedicated pages to request a quote, product documents or a sample.","Contact TiO2 Malaysia","https://tio2malaysia.com/contact/","index, follow","ContactPage|BreadcrumbList","HOME-001","GLOBAL_CHROME_FOOTER|HOME-001","2026-09-13","YES","VERIFIED_CONTACT_DETAILS_REQUIRED","CURRENT_VALUE_DELIVERED_PENDING_PLAN_TASK_2_FINAL_RECONFIRMATION","pages/contact/CONTACT-001_CURRENT_GATE_BASELINE_MANIFEST_V0.14.md"
"LEGAL-PRIV-EN","/privacy-policy/","NO_PRIMARY_KEYWORD","Privacy Policy | TiO2 Malaysia","Learn how TiO2 Malaysia handles business inquiry data, service providers, retention, Cookies and applicable privacy choices.","Privacy Policy","https://tio2malaysia.com/privacy-policy/","index, follow","WebPage|BreadcrumbList","HOME-001","GLOBAL_CHROME_FOOTER|SHARED_CONSENT","2026-09-13","YES","MUST_MATCH_ACTUAL_GA4_AND_CONSENT_BEHAVIOUR","CURRENT_GATE6_GA4_DELIVERY_VALUE_DELIVERED_PENDING_GATE8_9_PARITY","pages/legal-privacy/05_review/LEGAL-PRIV-EN_CURRENT_GATE6_GA4_DELIVERY_MANIFEST_V1.4.md"
"LEGAL-PRIV-MS","/ms/privacy-policy/","NO_PRIMARY_KEYWORD","Dasar Privasi | TiO2 Malaysia","Ketahui cara TiO2 Malaysia mengendalikan data pertanyaan perniagaan, penyedia perkhidmatan, tempoh penyimpanan, Kuki dan pilihan privasi.","Dasar Privasi","https://tio2malaysia.com/ms/privacy-policy/","index, follow","WebPage|BreadcrumbList","HOME-001","GLOBAL_CHROME_FOOTER|SHARED_CONSENT","2026-09-13","YES","LEGAL_EQUIVALENCE_AND_HREFLANG_REQUIRED","CURRENT_GATE6_GA4_DELIVERY_VALUE_DELIVERED_PENDING_GATE8_9_PARITY","pages/legal-privacy/05_review/LEGAL-PRIV-MS_CURRENT_GATE6_GA4_DELIVERY_MANIFEST_V1.4.md"
"LEGAL-COOKIE-EN","/cookie-policy/","NO_PRIMARY_KEYWORD","Cookie Policy | TiO2 Malaysia","Learn which Cookies and similar technologies TiO2 Malaysia uses and how to review or change available Analytics preferences.","Cookie Policy","https://tio2malaysia.com/cookie-policy/","index, follow","WebPage|BreadcrumbList","HOME-001","GLOBAL_CHROME_FOOTER|SHARED_CONSENT","2026-09-13","YES","MUST_MATCH_ACTUAL_STORAGE_INVENTORY","CURRENT_GATE6_GA4_DELIVERY_VALUE_DELIVERED_PENDING_GATE8_9_PARITY","pages/legal-privacy/05_review/LEGAL-COOKIE-EN_CURRENT_GATE6_GA4_DELIVERY_MANIFEST_V1.2.md"
"SYS-404","RUNTIME_FALLBACK","NO_PRIMARY_KEYWORD","Page Not Found | TiO2 Malaysia","NONE","Let’s help you find what you need.","NONE","noindex, follow","NONE","HOME-001","RUNTIME_FALLBACK_ONLY","2026-09-13","NO","RUNTIME_FALLBACK_NOT_AN_INDEXABLE_ROUTE","CURRENT_APPROVED_OR_PRERELEASE_VALUE_DELIVERED","pages/system/404/SYS-404_CURRENT_GATE_BASELINE_MANIFEST_V0.16.md"
"CONV-THANK","/thank-you/","NO_PRIMARY_KEYWORD","Thank You | TiO2 Malaysia","View confirmation and next steps for a TiO2 Malaysia quotation, document or sample request, or choose the request you would like to make.","How can we help?","https://tio2malaysia.com/thank-you/","noindex, nofollow","WebPage","HOME-001","CONV-RFQ|CONV-DOC|CONV-SAMPLE","2026-09-13","NO","POST_SUBMISSION_UTILITY_NO_PII","CURRENT_APPROVED_OR_PRERELEASE_VALUE_DELIVERED","pages/conversion/thank-you/CONV-THANK_CURRENT_GATE_BASELINE_MANIFEST_V0.16.md"
