keyword,market,search_intent,search_volume,keyword_difficulty,cpc_usd,source_id,data_date,verification_status,raw_row
malaysia titanium dioxide,UK,Informational,Unavailable,11,Unavailable,SEMRUSH-UK-ORIGIN-20260829-001,2026-08-29,VERIFIED_LOCAL_RAW,"malaysia titanium dioxide
malaysia titanium dioxide
信息
I
不可用
不可用
11
不可用
2
现在"
malaysia origin titanium dioxide,UK,Informational,Unavailable,14,Unavailable,SEMRUSH-UK-ORIGIN-20260829-001,2026-08-29,VERIFIED_LOCAL_RAW,"malaysia origin titanium dioxide
malaysia origin titanium dioxide
信息
I
不可用
不可用
14
不可用
2
现在"
titanium dioxide supplier malaysia,UK,Commercial,Unavailable,9,Unavailable,SEMRUSH-UK-ORIGIN-20260829-001,2026-08-29,VERIFIED_LOCAL_RAW,"titanium dioxide supplier malaysia
titanium dioxide supplier malaysia
商务
C
不可用
不可用
9
不可用
3
现在"
non china titanium dioxide,UK,Informational,Unavailable,34,Unavailable,SEMRUSH-UK-ORIGIN-20260829-001,2026-08-29,VERIFIED_LOCAL_RAW,"non china titanium dioxide
non china titanium dioxide
信息
I
不可用
不可用
34
不可用
3
现在"
alternative tio2 supplier,UK,Informational,Unavailable,21,Unavailable,SEMRUSH-UK-ORIGIN-20260829-001,2026-08-29,VERIFIED_LOCAL_RAW,"alternative tio2 supplier
alternative tio2 supplier
信息
I
不可用
不可用
21
不可用
2
现在"
titanium dioxide supplier uk,UK,Informational,Unavailable,12,Unavailable,SEMRUSH-UK-MARKET-20260829-002,2026-08-29,VERIFIED_LOCAL_RAW,"- row ""titanium dioxide supplier uk 将关键词添加到默认列表 打开关键词列表 titanium dioxide supplier uk 信息 不可用 12 不可用 搜索结果快照 SERP 精选结果 现在 更新关键词"":"
tio2 supplier uk,UK,Transactional,Unavailable,9,Unavailable,SEMRUSH-UK-MARKET-20260829-002,2026-08-29,VERIFIED_LOCAL_RAW,"- row ""tio2 supplier uk 将关键词添加到默认列表 打开关键词列表 tio2 supplier uk 交易 不可用 9 不可用 搜索结果快照 SERP 精选结果 现在 更新关键词"":"
titanium dioxide manufacturer uk,UK,Commercial,Unavailable,10,Unavailable,SEMRUSH-UK-MARKET-20260829-002,2026-08-29,VERIFIED_LOCAL_RAW,"- row ""titanium dioxide manufacturer uk 将关键词添加到默认列表 打开关键词列表 titanium dioxide manufacturer uk 商务 不可用 10 不可用 搜索结果快照 SERP 精选结果 现在 更新关键词"":"
titanium dioxide import uk,UK,Informational,Unavailable,14,Unavailable,SEMRUSH-UK-MARKET-20260829-002,2026-08-29,VERIFIED_LOCAL_RAW,"- row ""titanium dioxide import uk 将关键词添加到默认列表 打开关键词列表 titanium dioxide import uk 信息 不可用 14 不可用 搜索结果快照 SERP 精选结果 现在 更新关键词"":"
malaysia titanium dioxide uk,UK,Informational,Unavailable,14,Unavailable,SEMRUSH-UK-MARKET-20260829-002,2026-08-29,VERIFIED_LOCAL_RAW,"- row ""malaysia titanium dioxide uk 将关键词添加到默认列表 打开关键词列表 malaysia titanium dioxide uk 信息 不可用 14 不可用 搜索结果快照 SERP 精选结果 现在 更新关键词"":"
non china titanium dioxide uk,UK,Informational,Unavailable,9,Unavailable,SEMRUSH-UK-MARKET-20260829-002,2026-08-29,VERIFIED_LOCAL_RAW,"- row ""non china titanium dioxide uk 将关键词添加到默认列表 打开关键词列表 non china titanium dioxide uk 信息 不可用 9 不可用 搜索结果快照 SERP 精选结果 现在 更新关键词"":"
titanium dioxide anti dumping uk,UK,Informational,Unavailable,13,Unavailable,SEMRUSH-UK-MARKET-20260829-002,2026-08-29,VERIFIED_LOCAL_RAW,"- row ""titanium dioxide anti dumping uk 将关键词添加到默认列表 打开关键词列表 titanium dioxide anti dumping uk 信息 不可用 13 不可用 搜索结果快照 SERP 精选结果 现在 更新关键词"":"
titanium dioxide tariff uk,UK,Informational,Unavailable,23,Unavailable,SEMRUSH-UK-MARKET-20260829-002,2026-08-29,VERIFIED_LOCAL_RAW,"- row ""titanium dioxide tariff uk 将关键词添加到默认列表 打开关键词列表 titanium dioxide tariff uk 信息 不可用 23 不可用 搜索结果快照 SERP 精选结果 现在 更新关键词"":"
titanium dioxide supplier india,INDIA,Transactional,Unavailable,8,Unavailable,SEMRUSH-IN-MARKET-20260829-001,2026-08-29,VERIFIED_LOCAL_RAW,"- row ""titanium dioxide supplier india 将关键词添加到默认列表 打开关键词列表 titanium dioxide supplier india 交易 不可用 8 不可用 搜索结果快照 SERP 精选结果 现在 更新关键词"":"
tio2 supplier india,INDIA,Informational,Unavailable,12,Unavailable,SEMRUSH-IN-MARKET-20260829-001,2026-08-29,VERIFIED_LOCAL_RAW,"- row ""tio2 supplier india 将关键词添加到默认列表 打开关键词列表 tio2 supplier india 信息 不可用 12 不可用 搜索结果快照 SERP 精选结果 现在 更新关键词"":"
titanium dioxide manufacturer india,INDIA,Informational,Unavailable,12,Unavailable,SEMRUSH-IN-MARKET-20260829-001,2026-08-29,VERIFIED_LOCAL_RAW,"- row ""titanium dioxide manufacturer india 将关键词添加到默认列表 打开关键词列表 titanium dioxide manufacturer india 信息 不可用 12 不可用 搜索结果快照 SERP 精选结果 现在 更新关键词"":"
titanium dioxide import india,INDIA,Informational,Unavailable,12,Unavailable,SEMRUSH-IN-MARKET-20260829-001,2026-08-29,VERIFIED_LOCAL_RAW,"- row ""titanium dioxide import india 将关键词添加到默认列表 打开关键词列表 titanium dioxide import india 信息 不可用 12 不可用 搜索结果快照 SERP 精选结果 现在 更新关键词"":"
malaysia titanium dioxide india,INDIA,Informational,Unavailable,15,Unavailable,SEMRUSH-IN-MARKET-20260829-001,2026-08-29,VERIFIED_LOCAL_RAW,"- row ""malaysia titanium dioxide india 将关键词添加到默认列表 打开关键词列表 malaysia titanium dioxide india 信息 不可用 15 不可用 搜索结果快照 SERP 精选结果 现在 更新关键词"":"
non china titanium dioxide india,INDIA,Informational,Unavailable,10,Unavailable,SEMRUSH-IN-MARKET-20260829-001,2026-08-29,VERIFIED_LOCAL_RAW,"- row ""non china titanium dioxide india 将关键词添加到默认列表 打开关键词列表 non china titanium dioxide india 信息 不可用 10 不可用 搜索结果快照 SERP 精选结果 现在 更新关键词"":"
titanium dioxide price india,INDIA,Commercial,Unavailable,22,Unavailable,SEMRUSH-IN-MARKET-20260829-001,2026-08-29,VERIFIED_LOCAL_RAW,"- row ""titanium dioxide price india 将关键词添加到默认列表 打开关键词列表 titanium dioxide price india 商务 不可用 22 不可用 搜索结果快照 SERP 精选结果 现在 更新关键词"":"
titanium dioxide anti dumping india,INDIA,Informational,Unavailable,11,Unavailable,SEMRUSH-IN-MARKET-20260829-001,2026-08-29,VERIFIED_LOCAL_RAW,"- row ""titanium dioxide anti dumping india 将关键词添加到默认列表 打开关键词列表 titanium dioxide anti dumping india 信息 不可用 11 不可用 搜索结果快照 SERP 精选结果 现在 更新关键词"":"
titanium dioxide for paint india,INDIA,Commercial,Unavailable,10,Unavailable,SEMRUSH-IN-MARKET-20260829-001,2026-08-29,VERIFIED_LOCAL_RAW,"- row ""titanium dioxide for paint india 将关键词添加到默认列表 打开关键词列表 titanium dioxide for paint india 商务 不可用 10 不可用 搜索结果快照 SERP 精选结果 现在 更新关键词"":"
titanium dioxide for plastics india,INDIA,Commercial,Unavailable,10,Unavailable,SEMRUSH-IN-MARKET-20260829-001,2026-08-29,VERIFIED_LOCAL_RAW,"- row ""titanium dioxide for plastics india 将关键词添加到默认列表 打开关键词列表 titanium dioxide for plastics india 商务 不可用 10 不可用 搜索结果快照 SERP 精选结果 现在 更新关键词"":"
titanium dioxide for masterbatch india,INDIA,Informational | Commercial,Unavailable,9,Unavailable,SEMRUSH-IN-MARKET-20260829-001,2026-08-29,VERIFIED_LOCAL_RAW,"- row ""titanium dioxide for masterbatch india 将关键词添加到默认列表 打开关键词列表 titanium dioxide for masterbatch india 信息 商务 不可用 9 不可用 搜索结果快照 SERP 精选结果 现在 更新关键词"":"
titanium dioxide supplier brazil,BRAZIL,Informational,Unavailable,13,Unavailable,SEMRUSH-BR-MARKET-20260829-001,2026-08-29,VERIFIED_LOCAL_RAW,"- row ""titanium dioxide supplier brazil 将关键词添加到默认列表 打开关键词列表 titanium dioxide supplier brazil 信息 不可用 13 不可用 搜索结果快照 SERP 精选结果 现在 更新关键词"":"
titanium dioxide brazil,BRAZIL,Informational,0,3,0.00,SEMRUSH-BR-MARKET-20260829-001,2026-08-29,VERIFIED_LOCAL_RAW,"- row ""titanium dioxide brazil 将关键词添加到默认列表 打开关键词列表 titanium dioxide brazil 信息 0 3 0.00 搜索结果快照 SERP 精选结果 现在 更新关键词"":"
tio2 brazil,BRAZIL,Informational,Unavailable,16,Unavailable,SEMRUSH-BR-MARKET-20260829-001,2026-08-29,VERIFIED_LOCAL_RAW,"- row ""tio2 brazil 将关键词添加到默认列表 打开关键词列表 tio2 brazil 信息 不可用 16 不可用 搜索结果快照 SERP 精选结果 现在 更新关键词"":"
titanium dioxide importer brazil,BRAZIL,Informational,Unavailable,13,Unavailable,SEMRUSH-BR-MARKET-20260829-001,2026-08-29,VERIFIED_LOCAL_RAW,"- row ""titanium dioxide importer brazil 将关键词添加到默认列表 打开关键词列表 titanium dioxide importer brazil 信息 不可用 13 不可用 搜索结果快照 SERP 精选结果 现在 更新关键词"":"
malaysia titanium dioxide brazil,BRAZIL,Informational,Unavailable,14,Unavailable,SEMRUSH-BR-MARKET-20260829-001,2026-08-29,VERIFIED_LOCAL_RAW,"- row ""malaysia titanium dioxide brazil 将关键词添加到默认列表 打开关键词列表 malaysia titanium dioxide brazil 信息 不可用 14 不可用 搜索结果快照 SERP 精选结果 现在 更新关键词"":"
non china titanium dioxide brazil,BRAZIL,Informational,Unavailable,13,Unavailable,SEMRUSH-BR-MARKET-20260829-001,2026-08-29,VERIFIED_LOCAL_RAW,"- row ""non china titanium dioxide brazil 将关键词添加到默认列表 打开关键词列表 non china titanium dioxide brazil 信息 不可用 13 不可用 搜索结果快照 SERP 精选结果 现在 更新关键词"":"
titanium dioxide anti dumping brazil,BRAZIL,Informational,Unavailable,12,Unavailable,SEMRUSH-BR-MARKET-20260829-001,2026-08-29,VERIFIED_LOCAL_RAW,"- row ""titanium dioxide anti dumping brazil 将关键词添加到默认列表 打开关键词列表 titanium dioxide anti dumping brazil 信息 不可用 12 不可用 搜索结果快照 0 现在 更新关键词"":"
fornecedor de dióxido de titânio,BRAZIL,Informational,0,0,0.00,SEMRUSH-BR-MARKET-20260829-001,2026-08-29,VERIFIED_LOCAL_RAW,"- row ""fornecedor de dióxido de titânio 将关键词添加到默认列表 打开关键词列表 fornecedor de dióxido de titânio 信息 0 0 0.00 搜索结果快照 SERP 精选结果 现在 更新关键词"":"
dióxido de titânio brasil,BRAZIL,Informational,0,6,0.00,SEMRUSH-BR-MARKET-20260829-001,2026-08-29,VERIFIED_LOCAL_RAW,"- row ""dióxido de titânio brasil 将关键词添加到默认列表 打开关键词列表 dióxido de titânio brasil 信息 0 6 0.00 搜索结果快照 SERP 精选结果 现在 更新关键词"":"
importador de dióxido de titânio,BRAZIL,Informational,Unavailable,6,Unavailable,SEMRUSH-BR-MARKET-20260829-001,2026-08-29,VERIFIED_LOCAL_RAW,"- row ""importador de dióxido de titânio 将关键词添加到默认列表 打开关键词列表 importador de dióxido de titânio 信息 不可用 6 不可用 搜索结果快照 SERP 精选结果 现在 更新关键词"":"
dióxido de titânio para tintas,BRAZIL,Informational,20,3,0.34,SEMRUSH-BR-MARKET-20260829-001,2026-08-29,VERIFIED_LOCAL_RAW,"- row ""dióxido de titânio para tintas 将关键词添加到默认列表 打开关键词列表 dióxido de titânio para tintas 信息 20 3 0.34 搜索结果快照 SERP 精选结果 现在 更新关键词"":"
dióxido de titânio para plásticos,BRAZIL,Informational | Commercial,Unavailable,10,Unavailable,SEMRUSH-BR-MARKET-20260829-001,2026-08-29,VERIFIED_LOCAL_RAW,"- row ""dióxido de titânio para plásticos 将关键词添加到默认列表 打开关键词列表 dióxido de titânio para plásticos 信息 商务 不可用 10 不可用 搜索结果快照 SERP 精选结果 现在 更新关键词"":"
titanium dioxide supplier europe,EU,Informational,Unavailable,10,Unavailable,SEMRUSH-DE-EU-PROXY-20260829-001,2026-08-29,VERIFIED_LOCAL_RAW,"- row ""titanium dioxide supplier europe 将关键词添加到默认列表 打开关键词列表 titanium dioxide supplier europe 信息 不可用 10 不可用 搜索结果快照 SERP 精选结果 现在 更新关键词"":"
tio2 supplier europe,EU,Informational,Unavailable,12,Unavailable,SEMRUSH-DE-EU-PROXY-20260829-001,2026-08-29,VERIFIED_LOCAL_RAW,"- row ""tio2 supplier europe 将关键词添加到默认列表 打开关键词列表 tio2 supplier europe 信息 不可用 12 不可用 搜索结果快照 SERP 精选结果 现在 更新关键词"":"
titanium dioxide manufacturer europe,EU,Informational,Unavailable,11,Unavailable,SEMRUSH-DE-EU-PROXY-20260829-001,2026-08-29,VERIFIED_LOCAL_RAW,"- row ""titanium dioxide manufacturer europe 将关键词添加到默认列表 打开关键词列表 titanium dioxide manufacturer europe 信息 不可用 11 不可用 搜索结果快照 SERP 精选结果 现在 更新关键词"":"
titanium dioxide importer europe,EU,Informational,Unavailable,11,Unavailable,SEMRUSH-DE-EU-PROXY-20260829-001,2026-08-29,VERIFIED_LOCAL_RAW,"- row ""titanium dioxide importer europe 将关键词添加到默认列表 打开关键词列表 titanium dioxide importer europe 信息 不可用 11 不可用 搜索结果快照 SERP 精选结果 现在 更新关键词"":"
malaysia titanium dioxide europe,EU,Informational,Unavailable,31,Unavailable,SEMRUSH-DE-EU-PROXY-20260829-001,2026-08-29,VERIFIED_LOCAL_RAW,"- row ""malaysia titanium dioxide europe 将关键词添加到默认列表 打开关键词列表 malaysia titanium dioxide europe 信息 不可用 31 不可用 搜索结果快照 SERP 精选结果 现在 更新关键词"":"
non china titanium dioxide europe,EU,Informational,Unavailable,20,Unavailable,SEMRUSH-DE-EU-PROXY-20260829-001,2026-08-29,VERIFIED_LOCAL_RAW,"- row ""non china titanium dioxide europe 将关键词添加到默认列表 打开关键词列表 non china titanium dioxide europe 信息 不可用 20 不可用 搜索结果快照 SERP 精选结果 现在 更新关键词"":"
titanium dioxide anti dumping europe,EU,Informational,Unavailable,16,Unavailable,SEMRUSH-DE-EU-PROXY-20260829-001,2026-08-29,VERIFIED_LOCAL_RAW,"- row ""titanium dioxide anti dumping europe 将关键词添加到默认列表 打开关键词列表 titanium dioxide anti dumping europe 信息 不可用 16 不可用 搜索结果快照 SERP 精选结果 现在 更新关键词"":"
titanium dioxide tariff europe,EU,Informational,Unavailable,16,Unavailable,SEMRUSH-DE-EU-PROXY-20260829-001,2026-08-29,VERIFIED_LOCAL_RAW,"- row ""titanium dioxide tariff europe 将关键词添加到默认列表 打开关键词列表 titanium dioxide tariff europe 信息 不可用 16 不可用 搜索结果快照 SERP 精选结果 现在 更新关键词"":"
titanium dioxide import europe,EU,Informational,Unavailable,16,Unavailable,SEMRUSH-DE-EU-PROXY-20260829-001,2026-08-29,VERIFIED_LOCAL_RAW,"- row ""titanium dioxide import europe 将关键词添加到默认列表 打开关键词列表 titanium dioxide import europe 信息 不可用 16 不可用 搜索结果快照 SERP 精选结果 现在 更新关键词"":"
titanium dioxide supplier germany,EU,Commercial,Unavailable,14,Unavailable,SEMRUSH-DE-EU-PROXY-20260829-001,2026-08-29,VERIFIED_LOCAL_RAW,"- row ""titanium dioxide supplier germany 将关键词添加到默认列表 打开关键词列表 titanium dioxide supplier germany 商务 不可用 14 不可用 搜索结果快照 SERP 精选结果 现在 更新关键词"":"
tio2 supplier germany,EU,Informational,Unavailable,10,Unavailable,SEMRUSH-DE-EU-PROXY-20260829-001,2026-08-29,VERIFIED_LOCAL_RAW,"- row ""tio2 supplier germany 将关键词添加到默认列表 打开关键词列表 tio2 supplier germany 信息 不可用 10 不可用 搜索结果快照 SERP 精选结果 现在 更新关键词"":"
titanium dioxide for coatings europe,EU,Informational,Unavailable,18,Unavailable,SEMRUSH-DE-EU-PROXY-20260829-001,2026-08-29,VERIFIED_LOCAL_RAW,"- row ""titanium dioxide for coatings europe 将关键词添加到默认列表 打开关键词列表 titanium dioxide for coatings europe 信息 不可用 18 不可用 搜索结果快照 SERP 精选结果 现在 更新关键词"":"
